jan,feb,mar,apr,may,jun,jul,aug,sep,oct,nov,dec
6.138924372,12.82113744,22.8422676,24.61691583,26.67540274,10.76205168,6.515668062,7.496155439,18.69854843,17.65691245,13.42956986,12.0195262
6.795617544,12.2811708,30.4281228,30.48418149,32.96464821,11.60727907,6.846328889,8.074320326,21.20084582,19.79355331,15.3451386,15.34154535
6.477641032,10.13053195,29.76707579,29.54632906,33.64977798,11.44852278,6.352303226,7.542986828,16.59645981,19.69893278,15.92159639,16.62298795
5.935562694,7.223780303,22.55322098,21.49132197,29.17678995,9.781990244,5.710704048,6.960833966,13.85725864,16.62987647,13.3533933,16.28971933
5.788235358,6.98852689,21.4283084,20.40527402,27.46156487,9.500732362,6.160246974,7.549063594,19.04612866,17.1920831,14.07224879,15.72307363
6.323354682,7.283026893,21.63916175,20.06412572,30.42240321,10.82056566,6.354627938,9.596440947,22.48750767,18.22985796,16.95526248,18.63427744
6.563499938,8.263773241,18.29291267,19.16179983,35.49232009,11.01911934,6.025818192,10.66231738,27.65122114,15.6505819,19.34407188,18.61038194
7.700139732,11.3035091,24.82916855,22.85243321,37.90787348,12.96188603,6.814357367,9.859051902,29.48187755,32.09536779,23.0021501,21.25552169
7.518401515,14.4914805,25.76665912,22.97555883,33.39665867,10.35428151,5.910784461,8.91419889,30.07399779,35.08380976,25.39953393,21.86896658
8.352047373,15.90887311,28.0137588,24.58534233,30.71494329,11.60817766,6.73210492,8.988574834,29.7712915,33.34651773,25.29776678,20.76443468
7.906918646,13.22612697,24.68084539,19.23671148,26.24891157,9.879463335,5.993202898,8.050545137,22.1812918,31.46671951,22.23159279,19.58101469
8.35154769,10.1503988,24.73169165,19.17717365,29.13679792,10.55922188,6.830846468,8.344011682,17.27602998,27.48074387,20.19912129,19.85465436
7.456277196,9.274314634,23.61707786,19.51595049,26.28707965,10.81997196,6.912939803,8.830404926,15.83603831,22.02333731,19.40289031,21.25777565
8.142628467,10.58603018,23.35552364,18.42539252,25.26193467,11.19255692,6.955235044,8.843943394,16.80658337,21.14480315,21.24855093,21.29044525
8.864396344,11.54137769,29.21354526,22.95297355,29.05010573,11.81699705,7.641652844,9.093188782,18.69267261,23.74535368,24.96278436,24.1925952
8.854942394,10.78436685,27.05935649,21.76389339,28.48733434,11.04729076,7.464606192,8.609577737,18.61161011,22.25756637,23.04142397,22.48593233
10.15588108,11.27528057,29.3923501,23.77854226,29.95578703,11.99106346,7.632102703,8.375368627,19.39549735,23.17724996,24.94062582,24.85102587
11.4940344,13.48919102,29.32422247,23.46241371,29.91233187,12.65093424,7.655612334,7.74517003,17.83138347,24.99216328,24.38118934,26.33405673
15.34524622,15.83401516,28.02107784,24.06373211,27.56584017,13.44872721,8.048725887,7.402602284,17.40240839,27.16802053,28.8602433,31.54241153
16.88146226,16.98304048,25.51203243,22.33686518,23.75379991,12.55933894,8.488186241,7.410809041,17.08210195,27.43441846,28.3245934,30.60289791
19.04835292,18.65725697,30.00973512,25.73868352,23.76587123,12.38705174,8.436441839,7.987656222,18.93628182,30.23042706,32.34162811,34.02672327
19.54037453,19.9112302,36.63532487,32.27285559,28.3367821,13.44721977,9.43862655,9.200465384,21.99299535,31.16111374,36.04496809,38.72818261
22.11443021,23.37077859,43.78333786,40.65371323,35.74716971,17.92035051,10.47365744,11.80317547,28.54942784,37.90488739,45.80778663,43.43737728
20.18966277,22.07679519,45.36622495,40.08580533,34.5127793,15.46086733,10.81152826,10.99518251,28.33059242,36.70258573,45.56068141,37.65491436
23.84367602,26.43646525,57.07458275,45.42257029,38.2534475,18.16557297,12.28120143,12.55690792,32.16583381,42.17425956,47.21108436,37.77639799
18.42919509,21.78140769,56.46649563,42.127237,30.97589216,10.13567401,7.384678528,9.022176594,23.29169847,33.1837458,40.42891605,30.27323847
16.62482052,21.33118263,52.59704746,39.44354947,33.77859297,11.05416897,7.915507807,9.675463086,23.12667994,29.62013183,35.76343713,31.29172651
14.51707206,20.87332875,48.16444191,37.75359455,36.62608222,10.34354086,7.343333323,8.191419756,19.35322615,25.73783779,34.98392932,34.83739443
12.35694559,17.81375707,35.58627281,25.944886,34.71252571,9.414517726,6.410962285,8.223808759,16.99834755,23.70235061,25.10561279,31.36182742
11.34928255,17.82302252,40.09213681,29.31036204,41.21421729,11.58617255,6.927932533,11.17234705,15.03700312,21.34669774,21.08227381,32.95371775
12.97452676,22.11536782,46.1271179,36.87683517,47.43693484,15.67531266,8.88773341,12.64618215,15.11265513,21.48821765,24.4839192,36.47836494
12.80651858,19.51662642,39.73709234,31.4866876,42.08104032,12.70952038,7.950419102,13.34253963,17.23259322,23.34698086,23.66473598,31.20785428
12.68389743,16.55805401,52.30948253,49.27581261,47.35577193,14.97470002,8.538877341,10.73773587,14.85022971,17.4906328,24.38078985,35.88887143
10.88572978,13.71391809,49.35276509,49.35161849,44.57533263,14.66301773,8.109569206,10.14245301,14.069975,19.59766737,25.52573055,30.25087237
10.08954194,15.00888703,52.00698665,49.18533687,40.43722451,13.06982823,7.761402254,10.82609816,15.8126013,23.5856225,27.50475405,30.59460919
10.9600212,15.22516624,51.45410434,46.87148819,41.90334982,12.73930073,7.517911067,8.842420365,16.94668747,25.52007381,25.28716605,26.7432285
12.29584505,15.84608476,48.54282373,43.5411327,43.96367335,15.17075517,8.502494277,9.205948844,20.85534412,29.03018052,28.61368998,31.78674901
13.18168002,15.99507305,50.29688647,47.93651817,42.80774893,16.31250327,9.076418055,8.998037105,21.15428055,26.95847151,28.49416229,39.076215
11.37469065,15.3519026,53.84327391,47.31499832,36.84308408,13.84252122,7.842231479,9.29933085,24.4301667,27.62873607,22.97680939,36.4198353
10.36740182,11.92567782,48.4181398,44.71740986,30.05996047,12.27584528,7.278846325,7.536260119,16.03409192,20.79380251,19.46567148,35.69952447
6.058701209,13.33432937,26.02255655,23.74298115,25.3383442,9.759855096,6.338290883,7.930196864,18.30704187,17.94569069,13.78951478,10.55823115
6.539432812,14.84571087,32.87780135,30.02065167,32.31801197,11.62808965,6.944965906,8.295622196,19.35681545,20.19907328,16.62180335,14.18197225
5.122792655,9.797141237,22.49543613,18.45093957,19.17886419,8.262422997,5.198685346,6.693878992,13.27062892,14.58027979,12.1176177,10.11611915
5.323525946,8.8168739,21.92653833,20.07164989,19.32987643,8.14472396,5.16590714,6.770433606,10.98644391,14.28756277,13.56240995,11.53019918
5.509148696,8.330246712,35.07898062,21.99467647,19.61534197,8.446488926,5.524621107,7.980183289,14.25120066,16.42811472,16.63484529,11.4514405
5.238438821,7.707285246,31.46083948,22.67135965,17.69422634,7.781229617,5.193657278,7.490523,17.79252845,13.27728156,17.07053376,10.28738754
4.800739905,7.62655875,25.35104069,18.5761821,18.10022462,7.817665103,5.019634704,6.766204186,12.21933019,12.67348047,16.31676405,8.22409504
5.227987859,8.930524722,34.79134419,24.30194427,26.28425106,11.10182429,6.253897537,6.626713889,18.14931375,15.70866749,21.49786811,13.59283537
5.761068294,10.92678362,34.22865984,26.04017473,29.19740578,11.86092605,6.643280056,6.187681712,16.54520213,21.33407131,23.10391101,14.07512186
6.72410954,13.23711017,31.99222276,28.25470429,28.4110895,10.85532943,6.689716924,6.79590067,16.88412121,22.9062744,22.22863624,14.2480249
6.114260062,12.08838398,25.42158443,20.94539601,21.98485755,9.504132354,6.093459394,6.584238719,14.71092282,18.74503668,18.85261599,13.67610156
6.306012833,12.2188467,23.67083119,20.81754427,22.23758829,10.5464001,6.888695849,6.825582533,14.14225495,18.34732193,16.49375651,16.55606055
8.132194538,15.93078897,31.56612315,27.12724641,32.83138661,13.70684112,9.01764665,8.232433244,19.87400867,18.31029476,21.00532766,21.29284686
8.163234745,15.65894645,27.03481731,23.67702753,32.12785916,13.00635849,7.788573303,6.894544871,17.41838158,21.00743273,22.90138965,19.07415325
7.756211426,15.4350793,26.76000001,21.64656277,25.90182136,13.64712662,7.438725019,6.928059321,13.73865117,21.14593874,24.40933269,19.97417849
6.527977084,16.21046309,24.30684589,19.86063521,20.73534906,11.40073956,6.794708605,6.700244355,9.895832295,17.81645953,23.55907136,18.66673786
6.143598314,14.93646374,20.39526538,16.20444072,15.88174352,9.207358919,6.078392535,5.908359655,7.754318083,14.59955696,23.15755396,21.33475897
6.310776216,14.66181251,20.2335437,15.91539996,14.55012792,8.942100685,5.850118818,5.919815518,8.240797014,14.61031936,22.08656108,22.5757878
6.733066758,16.89790509,22.66829837,18.21667425,15.04106666,9.802510245,6.256282078,6.721143695,9.482577304,15.99864233,20.38914638,16.83147636
7.195580396,16.10556589,22.64965938,19.74932009,15.41059621,8.821135184,6.056102829,6.529156919,9.356791251,16.40795808,16.4463267,13.62090223
7.818022846,15.53354423,33.09011799,28.34748692,20.59967102,9.755386879,6.637078794,7.537185893,12.37373918,17.91237328,14.63653334,15.45954354
9.352014393,17.28631583,45.42409341,42.12237327,32.76983108,14.26768413,9.41235003,9.726037838,18.91236709,21.93786262,20.81695576,21.85130474
6.876901457,15.40176553,34.44886073,28.87064965,21.38379662,9.217622063,6.599084091,7.413044261,13.94834297,15.79710476,19.63496208,16.84298313
7.174024597,20.6821845,36.95634259,31.18417767,20.34623483,9.464797661,6.435204397,6.777022596,14.54210084,16.80718853,23.43977647,16.84862194
8.102140011,24.49308465,37.67454582,30.46133271,21.09722754,9.458326685,6.373592421,6.629815548,16.42524785,18.00486594,25.76471524,18.37162357
7.60954046,21.36764278,31.28863995,26.03502763,20.5188496,8.334620441,5.700500628,6.639232442,14.45142171,17.31951384,22.98297548,18.72663605
8.139999569,23.44450384,33.96497949,27.12393273,22.39331354,8.632690805,5.820878898,6.531841639,13.93891505,18.60012882,24.83091028,18.13947662
9.328027903,24.76946768,38.21611718,31.32799042,24.99374271,9.658504452,6.430448994,7.114168588,16.25402175,20.08829871,23.64282115,17.99746286
10.14755944,26.43492152,34.78682801,28.35171996,25.87487194,9.496783019,6.577571782,7.441426675,18.72017963,21.233969,25.55401096,16.04493858
9.489148323,20.58383239,34.63660706,26.81656281,26.74847767,8.797526511,6.350230274,7.304702755,17.97266164,19.30960081,24.13684513,15.5497084
10.64092443,19.35391559,37.61337494,29.41425001,29.00376238,8.522364927,6.147422054,7.199353982,12.80053841,17.97899611,22.86838879,14.32993194
6.945691795,12.09111504,24.47344971,22.65993142,22.88884664,10.9217784,7.011146555,7.587882257,14.85478947,18.76046048,18.10899228,14.0188338
5.509719291,9.648202226,20.98699849,17.09840558,17.89732551,8.854837625,6.179451764,6.408111786,10.43938764,12.42062538,13.7713517,16.95190669
5.609976232,9.904798256,22.29589385,18.74706077,18.07319707,8.804929764,6.33772565,6.299374039,11.38241904,11.01390282,13.59433957,19.11494272
7.725857666,11.70935479,29.64574566,27.89553721,25.55083082,12.74059233,8.429126653,8.165249712,15.57842936,17.08596567,20.43455146,19.79555912
8.490223464,10.23616439,33.07535274,28.87480685,27.53518298,14.44708213,9.142377902,8.925751866,19.07697462,20.78613978,20.86584123,19.94389468
8.89088507,14.58979884,29.46057799,25.1545167,24.31058421,12.99738248,8.716054045,8.557633019,18.32683099,18.56655657,17.11775121,20.15514863
8.639970757,13.83448855,34.73132222,27.46941301,28.23300443,14.43144121,9.252812402,7.697284235,18.83282738,15.77868671,18.09854236,21.64689423
6.606522757,10.47821901,34.03982781,23.58267884,19.55165739,10.82772099,7.3457143,6.206401211,11.64865183,12.40840844,13.97112332,19.03861341
7.17557294,10.18767953,34.47285669,23.06395607,20.1487151,10.73895369,7.284810941,8.097920854,17.34134683,17.36977229,16.20052196,20.15077599
6.183988149,8.61882874,23.48607345,17.04792312,16.82977656,8.840270669,6.177450498,6.16575915,13.91556188,14.91200115,16.82978445,14.66406354
5.853789285,8.547002267,14.99629867,13.6897281,15.31373926,8.462940332,6.184623464,5.674373421,11.74737699,11.93811562,13.23676387,12.87445743
6.944156166,10.83605856,18.81703994,16.11071171,19.2867029,10.30210438,7.211498386,6.673227934,13.01142689,14.42298649,14.28423265,15.78061134
5.881936717,11.50859377,16.77482746,14.23897396,15.68638362,8.515009144,6.211436904,6.161728262,10.94966472,16.66856771,12.54589807,17.31611517
5.62941749,12.42550694,17.28725023,13.71933836,11.55304171,7.159107054,5.8137934,6.04151104,9.060204568,15.92119485,10.88118735,15.65996461
5.677513889,12.97921972,20.08857636,14.92397125,11.01164802,7.014947761,5.72402287,6.16258318,9.313613577,17.4188684,13.09410405,16.133353
6.21972776,13.13996912,22.02728119,16.11242518,13.03689441,8.278055339,6.432012333,6.786221658,8.41177646,17.24879699,13.89461203,17.59816566
6.905760773,14.89295556,24.47382518,20.49177799,16.50300207,10.10722202,7.379974092,7.792160091,11.37397608,20.22523434,18.74596897,26.08781238
7.015491583,14.51255864,23.14777471,19.6808901,14.24138719,8.930280028,6.774644586,7.552989449,11.66936471,22.70693346,20.860269,28.18643619
7.509842474,14.99095358,26.90380163,20.77316187,19.87375854,10.83354569,7.586631836,8.204384636,12.67270848,23.36060936,21.53454375,24.11927344
7.446557824,16.92905277,30.58331716,20.34528913,17.72684802,10.09412503,7.338406299,8.053717281,11.29508795,19.15030804,21.60340082,21.67690159
8.751221047,19.7786674,34.19590964,23.71421983,16.21386628,10.35563745,7.320407929,8.428253852,11.59587096,22.41518724,21.80928464,18.43084856
8.288639704,18.71221166,36.48730249,20.99233738,14.09896676,9.277258821,6.602027294,7.912580141,11.158346,24.26547756,20.53368301,14.72706655
7.710066911,20.50257137,35.03903923,19.93170277,11.30271586,7.788807592,5.532028459,7.123017623,9.813738629,22.71462908,19.61166075,13.40070192
7.393704382,17.28242897,26.62423261,17.43609956,11.41208647,7.555481721,5.225269429,6.299994073,8.846614494,22.09215748,20.0043801,16.91168246
7.060691534,15.41686115,29.24509104,17.04147924,13.21514401,7.943060569,5.482467337,6.236990657,7.379366361,19.08695158,18.48613738,16.57073611
6.548859169,13.06526217,28.16248849,19.10876433,17.58711162,9.872892945,5.874952518,6.455014003,6.544244846,16.33770208,17.48946156,16.44356729
6.497284521,12.01540646,29.24017608,20.41453024,22.80245062,11.93768228,6.211290503,6.912891241,6.829014036,15.433285,18.6260538,15.52218422
6.425481045,12.5553694,33.58691116,25.61982912,23.2403336,13.47123082,6.676803427,7.428641751,8.221439838,21.97114219,20.48536276,19.86238177
5.876311435,11.36775935,37.59425651,30.6567043,27.07992949,13.36490171,7.289830792,7.800845956,10.60999921,22.52909234,20.3999662,18.84810307
6.357557546,13.55897335,37.32907605,27.73139178,20.35790535,10.04960664,6.308783398,7.133140681,11.73985159,18.09221869,20.42464,17.44474862
6.181049473,17.35097865,34.10218972,24.55003626,16.6729318,8.658450351,5.974691663,6.997433576,13.42539946,12.18381358,20.3225072,17.65764977
6.062625281,16.79075508,32.31315554,23.89332442,16.87600184,8.884414371,6.151877211,6.669310754,12.63885301,11.35813271,17.75620549,21.20075547
6.951254168,14.89012876,30.92309571,25.22486249,17.72185532,9.72586678,6.569232833,7.489540327,10.83264836,12.01871831,15.70733412,29.82697437
7.650580664,14.64361666,33.28408706,27.90391288,16.82076743,10.55797775,6.972990674,7.960949926,10.84774398,14.0950041,17.82092695,29.84650583
7.320517463,15.13349868,28.25792339,22.47531839,13.21145394,9.481560268,6.577784395,7.957460003,10.86385724,15.94354321,17.91251074,23.83573634
6.905251767,14.02305943,28.40544186,23.07361793,13.36233829,9.098714827,6.279026373,7.333843648,11.25762381,15.98606301,16.6225977,22.43246558
7.043236574,13.89888266,31.7377739,22.54821746,16.01653357,9.653526408,6.489280258,7.444391262,12.48634339,17.27010988,17.66724383,23.48111617
6.437204974,18.70116028,40.6001802,24.90500833,10.9050972,9.322062231,5.628776957,7.90727559,11.68831183,17.98164445,21.39122709,27.1131121
6.055022432,21.03662813,37.26485563,26.90845848,11.97738864,9.004102487,5.719074149,8.043835004,11.46830546,15.32099416,19.57207049,24.44884233
6.109485513,18.71470853,49.40462137,30.5118249,15.16180648,9.438720462,6.394779127,9.196153945,13.24983656,14.58250832,16.89064821,23.19781519
7.279565796,21.59220178,46.10008193,26.9922151,14.72333309,10.9448405,7.397001545,10.93755078,15.52296467,22.23856586,16.74291923,21.79226331
5.935271672,22.92210015,46.93913462,26.06308501,12.1665969,7.917383753,5.530750324,6.709248419,11.13041027,17.29796978,18.47902271,18.62574386
5.536951221,26.0821022,54.20601956,32.3745592,13.76396182,8.256276328,5.565991073,5.467275972,9.87887028,15.89904802,16.77157087,17.28671652
5.689603962,24.91307338,46.41570644,30.83115829,12.26820497,7.606810231,5.851978899,5.315935281,9.96553158,15.64761596,15.83560648,17.60603794
5.601427346,26.82497611,45.00041236,27.58136426,11.82204632,7.16561352,5.841215247,5.039663759,7.146774248,13.27842025,10.81645959,16.1643092
5.897103767,22.12016263,41.50864513,26.04355753,11.24878187,7.262654264,6.078531857,4.784238874,5.422598332,11.06826801,8.670345599,11.36879496
6.348898859,20.61207834,41.90628156,28.89022495,11.90126931,8.097445211,6.4288638,4.800491228,5.485553699,10.74273984,10.20904368,16.15779816
6.857347195,19.59292813,39.11343327,30.10182842,11.9867091,8.484381773,5.962907389,4.516416329,5.254721749,10.94285179,12.52978385,17.21138584
6.357137459,13.89587398,33.34402978,20.52380652,10.44743827,7.601194565,5.151640041,4.36649603,5.073235832,9.327044684,12.95416009,13.95221896
5.43416628,14.59405353,29.48392035,13.73018798,9.388974862,6.107401091,4.430718934,3.876852761,3.974195827,8.004007253,14.69465887,9.664214598
5.47947272,17.40089322,34.06850954,17.37847156,11.90857962,7.737899219,5.182027286,4.195063507,3.962164556,7.468178984,18.19384325,7.836996274
5.810257497,17.93696839,34.31291589,18.28900938,10.95014644,7.930247603,5.474177106,4.201621219,3.945490327,9.280703508,15.84074891,7.301130259
7.210216111,16.94040611,29.27245213,16.78592151,9.958728247,7.511109797,5.689248979,4.598230348,4.447878937,10.2179222,18.07386426,10.49157389
6.778194109,19.01254529,29.52423058,17.67496237,13.23870771,7.689850328,5.951103873,4.623207227,4.623074498,8.769065585,21.49093785,18.32059902
5.972089701,18.64437502,25.63027138,16.62425434,13.20291832,7.588440412,5.369529258,4.251789502,4.440362263,6.824143056,17.68349275,15.92498406
7.771354425,18.62038568,30.88484541,22.03020967,15.47270702,9.09511115,6.084500829,4.755981891,6.441394032,10.08766153,17.36484086,13.7041935
8.286787506,15.4178524,31.56289246,23.14994112,15.66561309,9.463407815,6.101954153,5.139916484,7.786988191,13.13132827,17.36050132,12.53335752
7.651401222,12.6274289,28.79729444,20.64352266,15.06959719,8.204058971,5.716859156,4.750116389,6.708796728,13.54746112,17.73930195,10.56810165
7.045981212,9.504873542,26.26554541,22.07879169,17.70371536,9.293479312,6.121355429,5.19457284,6.697181246,14.15484919,16.86423979,11.76062291
6.19789558,8.876346173,34.13542943,23.25471924,12.13830875,7.532202037,5.314487356,4.751453456,7.102633406,15.56674271,17.94889647,13.50787886
6.418872101,7.453936704,29.99983314,25.07736842,14.89979621,8.537910107,5.640124903,4.6202295,6.070820645,12.55544615,14.63540772,13.37294841
7.170075282,8.929015095,25.77603033,20.93151364,15.01942159,8.629456729,5.850143639,4.604312598,6.207026334,13.52166035,14.49904386,13.6842056
6.654008039,9.310270429,17.33025587,14.29173384,10.03950604,6.570972809,5.097861994,4.432725633,7.411365077,13.07008946,13.7472246,8.228317114
7.771906497,8.009510369,23.86212408,18.97813855,13.42102474,7.735967677,6.266328831,5.39225551,9.839353956,15.56617934,15.81709465,10.96175318
8.226761558,8.258372254,21.90836152,17.67924315,15.60173117,8.824474929,6.701279949,6.72178681,11.35316054,14.44225458,18.40051037,11.39037723
9.053961573,8.637958449,25.7303645,21.04894973,20.11325647,9.856224575,6.952397638,6.277506052,11.33616607,13.59575726,19.08493853,13.80607346
8.398775012,8.646551741,21.82271812,18.40929758,21.37631477,9.173797836,6.477306409,5.119480588,10.93923638,12.3217184,16.38210674,13.13309279
8.785234989,11.12657416,26.74025206,24.44293138,26.25374353,12.0301158,8.009703542,5.665563951,12.70951383,13.11023859,21.72948675,14.88627655
6.324987717,7.857884907,14.99500585,12.97778288,13.9491903,7.181320076,5.36064129,4.540341983,6.195628403,6.603158981,20.28719295,14.54174664
5.797719364,7.452632173,15.77301042,14.1352729,13.11694504,6.409012124,4.888064169,4.078299418,5.500529252,6.535445095,16.30487482,13.27656567
5.999802495,7.586703776,17.51131422,16.39216923,13.07022534,7.388762862,5.268664832,4.447094736,4.801894523,6.189911518,15.41404812,12.44695311
6.148944986,7.328314601,17.0842571,16.24330815,12.80182933,7.659156821,5.557548012,4.597578652,4.501470702,5.471159459,15.4611099,15.67144153
5.856625774,7.552707672,19.27562701,17.56310258,14.34481385,7.626669458,5.627425413,4.448740902,4.377251527,5.754442783,18.08094862,19.34368568
4.901992835,7.298243853,21.4403729,20.5022564,16.02718346,7.62605738,5.022504679,3.934055833,4.084692626,6.368889529,15.4890055,14.70518319
4.931733307,6.811093141,20.09600474,18.76884335,14.04043303,6.854921028,4.758260979,3.941658483,4.054630729,8.476936855,12.91789067,10.72732932
5.211945268,5.764993307,22.87125805,21.66133512,12.96046256,7.649975189,5.519095995,4.524769301,4.55180685,9.222720187,12.39142509,13.88206121
5.744976799,7.380032939,20.86238744,18.52085231,11.10968067,6.553193069,5.090864654,4.358248043,4.557275572,8.572703018,10.14586553,11.29434403
6.232790388,9.381626811,13.3559342,11.21674246,12.15340919,5.819477706,4.512214301,4.126907147,4.56502052,8.386006286,8.457959139,8.336549895
5.595897646,9.586761808,10.4980161,8.538372334,17.22260014,5.835480212,4.26144195,3.854755223,4.655659598,10.50914432,8.147335313,10.71132321
4.544166007,9.840310357,10.37398036,8.549541117,21.36442911,5.975638121,3.895210352,4.174763141,6.58377311,9.121079253,6.242812702,9.951293771
4.687758822,11.13160472,20.21091599,10.27340971,21.09003326,6.998446437,4.482752191,6.482769692,10.07571802,9.301145733,7.096221411,10.32463812
5.537123547,12.38251021,15.18582467,11.06610477,21.41546893,8.666500437,5.400089379,7.939552299,13.8065153,12.2492329,9.893281477,11.54660758
6.426633481,12.6600437,15.76884998,12.55335599,27.81609448,9.926080405,5.688429167,6.88154459,14.11193246,15.48296106,11.82077233,12.65008251
10.09139219,16.94780849,21.93808621,18.78770982,29.36551312,12.99020569,7.36552343,5.943007191,9.537286586,18.08977787,17.38951528,16.89593461
6.66353762,9.635555902,15.01764109,15.04156186,27.37138286,11.33561487,6.119310037,4.785079093,5.466335828,14.37183411,15.44961756,14.43032636
5.71204514,6.20494687,10.31526586,13.12527704,20.77972944,7.94905405,4.684313752,4.063457373,4.103920653,13.42348998,23.24515843,12.07751506
5.896983897,5.501937791,11.21959703,12.34132364,17.49636976,6.931283049,4.368211983,3.977853479,3.687702251,14.93543695,27.65843328,12.25492371
5.937880837,6.918238098,14.73858553,11.14402998,14.39585238,6.384052744,4.297285666,4.106906637,3.715897584,13.2588918,28.39282087,10.63559791
6.176703311,8.20200179,15.68649373,11.54091717,13.12520336,6.166864922,4.23051363,3.983050166,3.663622464,12.84868736,31.64964211,11.72167609
6.124281381,8.857876107,15.25369302,11.17678731,11.91307506,5.883774008,4.1941066,3.829965298,3.440818378,12.30434706,27.58937435,13.46380631
5.055890097,8.282897636,17.85941921,13.21922952,10.78889412,6.179310862,4.084638305,3.71412117,3.387642734,12.53868699,22.50792117,14.59519867
4.555265265,7.38637289,19.69423268,15.32942047,11.97413464,6.234948758,4.196735603,3.710621508,3.381686918,12.48970716,19.93258067,16.00597596
4.714231276,7.470442168,13.99839907,12.02011907,8.988755231,5.54864071,3.75143175,3.594527871,3.21997161,9.776292537,15.87249985,16.38514995
3.651185619,6.511032154,8.611577446,8.356111281,6.58601335,4.585285638,3.063622374,2.861066126,2.612775081,6.750114018,11.61912615,12.68491164
3.540354021,7.451787949,11.51829857,8.160424798,6.444311239,4.543622933,3.048988077,2.698069595,2.51759957,5.098332178,9.909802276,9.077508641
3.524121579,9.435946424,15.44019643,9.396091371,6.553069297,4.226928116,3.064307334,2.662991773,2.554403126,4.760739762,9.852451912,10.49712776
3.479505608,12.11304858,15.70225237,10.11372804,5.819020187,4.152498813,3.148889066,2.668334407,2.636997203,4.194561515,11.63450951,10.28497049
3.643524961,14.44675271,12.964241,10.61528113,5.692287609,4.239022444,3.352861818,2.954288926,2.890294733,7.620700524,11.60700634,7.951845022
4.054048341,16.04838057,15.10642055,11.37021038,5.757388462,4.354170084,3.390868139,3.103387282,3.015216275,6.059321184,9.692927089,6.560691571
3.633634868,16.25875119,21.73572226,11.07262803,5.509156643,4.155494273,3.292255881,3.060728301,2.862723962,8.180638939,8.836870158,5.757381015
3.547806298,14.7473952,24.78476417,11.36837542,5.550501901,4.251892564,3.362011762,3.118946579,2.958770799,8.739432569,10.15415331,6.814938028
3.472447117,13.78926922,18.12389676,10.78087583,4.957978955,3.860341013,3.146389702,2.910979373,2.665744854,8.33953736,11.79079401,10.2152251
3.585896669,14.82601262,16.3964299,10.34426528,4.456050496,3.473050029,2.922808026,2.622281957,2.408350033,7.319063695,11.66425565,10.13550631
3.158108781,11.01893828,14.53427382,7.897837457,3.86716346,3.082416743,2.546761907,2.230091528,2.142676427,5.868858274,7.708527918,5.839956773
3.349346879,10.54609609,19.56694557,7.738223025,4.648594573,3.03109232,2.623866027,2.440728735,2.430733558,7.785443326,6.992230363,4.911212945
3.078083472,7.112140862,18.4749234,7.758182087,4.874503104,3.12845543,2.628833014,2.313314911,2.214219061,6.911533122,5.41863831,5.350827986
2.780238794,6.575499537,15.17956932,7.095745449,4.42180929,2.81368278,2.362596675,2.02650254,1.96774512,6.09308684,4.026893757,5.233832045
2.661243814,6.960623123,13.27712225,6.344029975,3.658080015,2.565873013,2.304443826,1.987513991,1.957178722,5.498281956,3.341329152,4.286502665
2.473934199,6.974959089,15.00541519,6.631946911,3.538160421,2.580695704,2.243888149,1.945180467,2.011125195,4.985300183,3.152872469,2.807313386
2.332841085,6.072129063,12.91264939,6.130558752,3.00208199,2.354827384,2.076170352,1.707734805,1.82723278,3.339802088,2.602201786,2.182880094
2.059623347,4.887734539,11.16386111,5.663327404,2.975939048,2.277886992,1.875372607,1.480234142,1.56783741,2.460023953,2.487094518,2.041151316
2.736278551,6.099198037,14.05988612,8.252638928,4.329909434,3.153737272,2.487740638,1.730820423,1.947782377,3.234584164,3.587654147,3.047739467
6.709652121,22.3728391,27.76351033,21.05456949,10.47010007,8.298425899,5.309279547,10.13353887,15.75074673,26.88372168,25.14958939,31.54659494
6.649973766,23.11856619,30.84341318,22.73608662,12.60245357,8.769989434,5.45963149,10.2898627,15.0817938,24.14473801,25.59519955,34.56289915
6.865231126,23.0657389,36.04397565,23.79738145,15.07926378,8.779517548,5.718458298,9.140990166,13.26179379,14.03250577,23.44896639,29.82720627
7.025455612,22.30370004,41.17093677,24.53567004,17.10404435,8.979635988,5.860098804,8.380662081,12.80960318,14.89143784,19.29610015,24.06902205
6.928744343,21.35547745,40.33519774,21.65597278,16.79573652,8.40322799,5.715747851,7.758640619,11.78283975,14.46497207,12.77007669,22.71993299
7.159421195,22.04480239,39.53979439,23.11131604,15.95602836,8.068242768,5.620099505,7.526178273,10.41596928,13.00027014,12.2950172,20.88876702
7.487352138,22.6060233,40.2782406,23.63351538,16.35140065,8.50150726,5.802563656,6.846108677,10.89300608,15.12754007,11.74367233,18.5204114
7.505757134,22.47241629,36.69914981,23.64652487,14.93079617,8.386134104,5.393348259,7.200940779,11.58157256,17.12474269,10.5139439,14.09421618
6.879373565,19.60790311,34.22092431,20.50882147,12.8981765,7.862946801,5.179894777,6.892628813,11.42111642,15.65150594,10.23460673,13.35661394
6.262265582,19.33395875,41.97289603,18.62564658,13.43526237,8.42339658,5.278175195,7.246782793,11.28063111,15.14985651,9.467382502,14.11896138
5.645132667,19.33281346,40.11999434,15.68471097,11.57282901,7.757276819,4.87789672,6.44997405,10.32996831,13.24076055,7.721416856,11.71293085
5.809127722,19.38383401,42.71717959,16.21497605,12.4054099,8.359266783,5.117556002,7.541511958,10.67576856,14.26425215,10.06424166,17.58705156
6.107085459,16.339819,36.88591687,14.79591435,11.98280172,7.345618567,5.069234958,7.864677112,11.08653511,13.47341382,9.17528035,13.23291765
6.657862971,20.34564706,32.68817517,18.73415084,12.0243153,7.127915728,5.107474471,7.765860002,10.47294563,13.33910265,7.922379965,10.33517967
6.84200799,21.76469373,36.36738656,20.82435837,9.835290729,6.407841524,4.875558101,5.90247575,8.348851257,12.84133157,6.537007288,9.671371596
7.406430252,22.84814879,36.24556492,19.88231304,8.884533342,5.882452821,4.634937531,6.055621897,7.902029977,12.64211315,5.810805347,9.348770984
7.916292132,20.84256199,34.25479134,19.39406351,10.15056815,6.593705828,5.087528841,7.673310215,8.30066573,14.21703259,6.31888459,8.251230599
7.230122538,19.67012055,29.92361488,15.42120873,9.036306097,5.628273604,4.388625384,5.602567323,7.058574545,9.360941936,5.058481555,5.218578378
6.710129921,16.76387568,25.70147807,13.64825699,9.311249218,5.694761658,4.518060532,5.860429393,7.722202727,9.000592876,5.097310752,5.370677347
6.932240133,16.58042272,20.36796396,11.50413631,7.736753871,5.260421588,4.346087169,6.227526214,7.922877629,9.415825865,6.164789202,6.615158702
6.363468845,18.47371651,18.86637433,10.6678444,6.069808525,4.501071625,3.870564103,6.146705836,7.343079482,10.15004683,6.517862087,8.581904805
6.284626643,20.63314075,22.79021314,14.42683024,7.38855051,5.213256135,4.407352629,5.774488035,7.044884536,14.36750079,8.533140744,11.22635775
5.904533134,20.20054026,27.14624728,19.56340729,8.778627158,5.845309449,4.819275283,5.921314475,7.058411121,15.07830965,10.39823864,13.45808759
5.615496958,20.32270405,34.87484258,25.06951942,10.51950367,6.797774151,5.231521222,5.812628149,7.593169078,15.65874391,9.593597075,12.01873899
5.36347332,22.00569479,35.53328486,24.33194611,11.67881195,6.95699347,5.352577304,6.323351544,8.930886322,13.55740824,7.590963922,9.940914931
6.562388071,23.6257552,33.65861359,19.5930147,10.65590471,6.389108248,5.268436065,5.820905399,9.904435061,13.63766059,7.642503741,10.0540726
6.747321512,22.24129755,29.78971129,16.85760748,10.72835891,6.306363444,5.269264584,5.706722337,10.19993636,16.23377432,7.960209995,13.0389188
7.153146415,21.24679206,29.43347789,14.48545414,11.08405773,6.504242726,5.27317752,6.232251249,11.45412235,19.73997736,9.958063765,17.44380301
7.056120971,19.66716206,27.41290132,13.82780553,8.322285128,5.41812163,4.507163707,5.141214308,9.884845235,17.76796848,9.790830474,14.28176478
7.587225864,21.23260541,31.01459837,17.87805363,8.024755154,5.403521238,4.417048722,4.302003049,9.273225159,18.67212307,9.716603069,11.04627458
7.314359038,19.09564629,30.98701575,18.93019146,7.987844077,5.216464571,4.310002266,4.028450041,9.616771946,17.21803403,10.3382483,9.892859041
6.18604927,17.29466937,28.52768278,16.80915172,7.461214846,4.886855012,4.192659453,4.09360625,10.86744507,16.98980215,8.564235663,8.354677397
6.138849115,16.19538625,31.56130373,21.32992358,8.426040779,5.31595522,4.372959154,4.825371496,10.65297293,17.50520503,9.070528887,8.081414457
5.944290947,14.16174878,33.12442412,26.00081338,9.559086081,5.773023436,4.311834616,4.967476104,10.02702059,15.91966763,9.307694735,6.838689981
6.651012704,14.67694882,33.82887775,24.60177142,9.597289599,5.807520414,4.434528686,5.191890906,10.14124129,14.78594663,9.204278479,7.078507014
5.921522,14.1257814,33.74317523,23.48797726,8.963003764,5.651937119,5.04083907,5.028728489,9.414289028,14.67282939,9.656028212,7.786716598
6.876607926,15.80840045,33.80859319,22.15744626,7.85230755,5.321933629,4.718806246,4.311535855,8.057437538,15.83272106,10.54244493,7.811167825
6.987853428,15.85428432,33.16972648,20.26040831,7.116972027,5.023659147,4.366913671,3.803853717,6.245719628,16.53412585,11.54357805,7.456568954
6.709615598,15.29724346,29.80824215,17.50248936,6.735517286,4.904661219,4.129412971,3.693721278,6.462436249,15.25790029,12.79622183,7.995674665
6.709337077,14.65894137,29.92401839,16.44851993,6.662346989,4.901268613,4.092737865,3.665545557,6.152079784,14.2814202,13.1928422,8.410665233
9.031011947,15.10765833,32.83028809,20.33402103,9.103081082,6.35963828,4.861160167,4.719277222,6.397235238,14.44306367,15.70317479,12.40430054
6.882272541,12.7730376,26.13743243,15.74507089,6.656630339,4.982212804,4.097900447,3.774935601,4.35596546,10.74450784,12.54498003,10.1118091
5.934167312,12.22082657,24.41616973,14.49087999,5.390999928,4.121110814,3.417493028,3.670397175,4.691682872,12.87515883,11.83637912,9.110316822
5.154928513,10.02406739,28.40951313,15.3310592,5.464292716,4.013107496,3.342644986,3.252007994,4.01254597,11.15093254,11.02177313,9.238031567
4.044525812,8.176336905,22.91551504,13.07880232,4.678771602,3.434475032,2.844960631,2.645179019,3.11388583,9.425495645,8.252490299,7.284343728
4.602472766,8.73383363,20.38036383,12.45692731,4.883422221,3.661567715,3.02135358,2.790952169,3.257557504,9.269098767,8.510446837,7.904739391
5.135781307,9.768699761,14.58318342,10.61065173,4.699919158,3.637962744,3.135954971,2.756249573,2.922293862,8.468721669,9.885293426,9.795418327
4.663412112,8.11989593,13.93615303,10.76041125,4.556813417,3.735347693,3.191206178,2.806524942,2.877049922,7.119073164,8.586085912,9.401915175
4.618821725,8.053190926,14.21906469,10.76182744,4.760502744,3.891985798,3.397702942,2.952547972,3.175788779,6.247370082,10.26116708,11.69386646
5.114293527,8.630071836,13.59880708,10.8695073,5.457378825,4.650099732,3.887180137,3.555188223,3.528133875,8.185579871,10.61657087,13.83948985
4.779748035,9.407959537,14.01048748,10.26933487,4.733772335,4.031253536,3.603610793,3.276013714,3.959428678,10.85837244,10.61057686,12.97628534
4.620613434,11.17105224,18.72697781,10.84223022,4.627771728,3.863016348,3.526310993,3.39151937,3.556369804,13.22503714,10.99598843,14.08083295
5.158086266,14.36814529,19.5649625,10.65491819,5.006711611,4.282217878,3.80523184,3.692310215,4.527205812,12.09194863,7.926258844,12.55426382
5.398411375,15.96000624,15.65196863,10.48397029,6.4559366,5.061324623,4.216804715,4.417815943,5.656163546,9.139479728,9.226044329,10.89721403
5.559753065,17.22678586,10.82966871,9.946871907,8.154504069,5.54082024,4.534431538,4.689002755,5.326545325,6.916886619,10.94240382,8.336537797
4.189951111,11.00265072,9.246347892,7.430723549,5.652216707,4.766112839,3.884662962,3.892909165,4.077733256,5.586153536,8.623130059,5.140912717
3.973013858,9.612763793,8.627204523,6.77952643,5.988385052,5.448862031,4.046413394,3.667792544,4.396331447,6.647938676,6.152417983,5.363423871
4.009784588,8.917993525,7.874206139,6.523716857,6.102918325,5.504065883,4.096930633,4.282077594,4.554720521,4.837435809,4.194199127,4.126391899
4.801671295,9.192934793,7.468347025,6.437855677,5.504759414,5.013596714,3.787859215,4.217601115,4.213873541,5.302183787,3.512288056,4.400888938
5.281200628,10.00446847,8.78359282,7.398996105,5.42026126,4.632819824,3.958317021,4.095467364,3.672338617,7.846608474,3.803730144,6.804760085
5.404286539,10.13269041,9.041017027,7.666357121,5.131290063,4.125576534,3.699964729,3.873440818,3.349236615,9.089400513,4.53492527,7.941255658
5.594639388,10.22464893,9.002960463,7.351391232,5.391322796,4.041840112,3.615359802,3.840859716,3.532703966,9.849194463,5.797651738,7.590023744
5.072407151,9.881809536,10.45287551,6.968670857,5.660819927,4.096247022,3.646637835,3.610401979,3.299556518,8.824856864,5.596169249,6.54320694
4.356833275,7.921893625,7.315389578,6.283679275,6.128293281,4.02153848,3.336631594,3.271212989,2.842890569,7.794824417,6.928494618,5.62776689
3.868795836,6.018453697,7.429429833,6.118029992,5.136412095,4.012402751,3.291168578,3.086589969,2.805206396,8.084816671,8.721713152,7.937892742
3.932983886,6.155308815,11.03383376,8.108352689,5.629036512,4.392437693,3.51535235,3.095731239,2.871997756,7.19777028,8.506086811,9.284329174
4.102134379,5.930461708,14.08714214,10.4483199,5.951027108,4.975605826,3.820932026,3.515125656,3.269099952,10.93212469,9.063246999,8.700499101
4.052453663,5.106056763,14.37718925,11.22438757,6.155828181,5.111180928,3.908985238,3.485293913,3.388277891,7.487812998,7.554739171,9.311209257
4.096814119,4.971107054,14.626837,12.09886634,6.079202814,4.710609403,3.820432752,3.385890866,3.249255555,5.37814212,8.88181145,8.63707964
4.095239002,5.251503259,11.6302686,9.588259188,5.329297759,4.154752279,3.584467802,3.240376625,3.166792237,4.499677983,8.00434084,10.04206475
4.089620621,5.428751631,7.708460029,6.939111094,4.706797791,3.603762306,3.336995925,3.019310211,3.0194038,4.12443853,9.963760163,14.08116419
3.809071193,5.09920765,6.629112758,6.28092516,4.881479972,3.492640058,3.126071995,2.858007896,2.730483994,4.33214332,8.879183892,13.89312964
3.857745651,5.497235085,6.850546751,6.252562403,5.708813047,3.791028193,3.223940815,2.876380293,2.699571609,4.606849393,8.544955986,13.92736482
4.1277617,5.723664461,6.807888555,6.220716776,6.346466496,4.052956371,3.350174511,3.001075708,2.748645952,4.756791826,6.875747037,13.3296566
3.588240417,5.333147328,7.585210696,6.621530908,6.617063597,4.181022012,3.187703219,2.955961068,2.525215495,4.007018912,5.983181727,9.721675946
3.50305769,6.318161996,8.471264991,7.192805999,7.02516804,4.876233484,3.206107853,2.822862671,2.373347917,3.684702616,4.573496688,5.581835482
3.272379733,6.5292643,10.12845598,7.871840751,6.470029346,4.702974233,3.113258987,2.945174004,2.504859712,2.983504679,2.714172521,3.255194945
3.941347824,9.938225444,18.25637147,10.52316147,6.072859617,4.509602324,3.254571597,3.172839514,2.958490555,6.30434505,3.493939867,5.64484893
3.59668543,11.03705855,26.82738084,11.67731956,6.46625918,4.596816975,3.238124276,3.110478818,2.850449595,7.127413977,5.566454385,7.973839104
3.965004165,13.93020889,24.72579033,12.16269215,6.676104326,4.572997353,3.421054729,3.164409266,2.989450765,9.556161743,10.11074888,8.952162473
4.183321111,14.41861917,19.95760417,10.71003509,5.457876893,4.055119113,3.320744285,3.038170112,2.778971137,10.53085438,12.58680321,10.67144912
5.380481972,7.76696285,12.9934673,11.44108628,11.10052772,5.71893547,4.485241068,3.798887473,4.654812537,6.114176416,15.98123898,11.08741718
5.062033347,6.85746205,12.9312562,11.17549143,12.29516873,5.719985126,4.442922517,3.830747903,4.162660949,6.77166734,16.53427352,10.53611114
5.330409036,7.550348752,15.27858254,13.32720141,13.37974839,6.186415159,4.967324405,4.235999958,4.940437406,7.629713777,19.98596119,13.43293068
5.544679364,8.695251743,14.9891901,12.3212124,11.16377405,5.840237117,4.908986771,4.719383356,5.826116264,6.830447943,18.74679034,15.27818415
5.3319269,7.790189746,12.75890211,10.74209291,8.539517149,5.090635002,4.442587919,5.578043322,6.701298256,5.452290688,13.88581968,14.23825469
5.045362391,7.38773781,9.947791702,8.836699461,7.708142838,4.688764801,4.237472115,5.573650293,6.316130591,5.588018988,13.73317873,10.93384526
5.559820383,8.177997844,9.871606183,8.961311104,9.153806306,5.239188761,4.504962034,5.91078239,6.752059993,5.757318926,13.00761799,8.79171301
5.747273564,8.678218937,10.75769689,9.853947215,11.24836454,5.654552631,4.514820927,5.397575989,7.070945489,5.687082642,12.67932674,10.53811248
5.680615914,9.545207071,12.63165342,11.590673,12.31282649,6.386972112,4.865841995,4.927502899,6.820986689,7.239951016,12.5220834,13.62477945
6.226660186,10.83940457,17.92336147,15.4987716,13.80550847,7.477646713,5.379602221,4.690296872,5.888713826,8.62128121,12.83651662,13.25796173
7.187907346,12.804831,20.34566732,16.72378914,11.17640642,6.793413378,5.105563961,4.273709928,4.214423168,7.95307788,12.07314544,10.74853672
6.814230146,12.4551975,29.39503514,21.97817007,10.6988328,6.801061138,5.277232795,4.487699564,4.299145588,8.74023126,13.33988796,13.21225138
5.801653912,11.53440312,26.59204093,20.08554559,10.00385565,6.658246985,5.239061333,4.294202084,4.052724518,7.544704165,12.76058704,15.00968287
5.231386719,10.99526207,27.54329167,20.49436866,9.355052881,6.387685427,5.090333234,4.283198277,3.793427489,5.775346939,11.64323864,17.41789865
5.22074448,10.51184984,26.85770259,20.69878435,8.667064932,5.994318344,4.832054712,4.060578427,3.76551809,5.421839587,10.12534925,13.36211485
6.07196324,10.65898532,24.30866265,18.86064878,9.521118397,6.438363333,4.903126359,4.082752225,3.64804741,5.100036471,10.12651349,9.965627718
7.167887629,11.32847246,31.12049048,20.2908674,11.37289718,7.432260298,5.186495433,3.971858754,3.649876719,5.327270737,9.787855324,7.456093388
6.619491891,11.03373405,40.5155142,22.14632093,13.11817972,8.314372921,5.361315464,3.984742066,3.696071734,7.030700443,10.55429286,7.278376104
5.814400763,10.861369,37.57354861,15.55741981,11.81391925,7.765541984,4.797418904,3.806368364,3.571346187,7.630468802,9.08395842,6.692581143
5.032743487,8.939518389,31.08628951,13.40422525,9.176012533,7.228789152,4.527370933,3.567016836,3.384905642,6.165867577,7.87233568,5.250090664
5.888489846,10.12008494,30.9629762,13.32562532,8.952738565,7.943805756,4.828893242,3.873513178,3.686674619,4.455318593,7.584759659,5.508489535
6.071342121,10.41848598,22.05518944,11.77421645,7.718375693,6.858184462,4.486820348,3.792682861,3.470110539,3.580542264,7.007377461,5.136490071
5.794177194,10.43940009,17.2840937,11.73224823,7.226196578,6.280690945,4.30357597,3.568550676,3.244175995,3.400755803,6.188394343,4.630251322
5.855255323,12.22666795,17.20381273,11.3433124,8.277360848,6.277129757,4.345599282,3.615509764,3.279972205,3.518998293,6.462678237,4.460612062
5.357123181,12.4253708,15.90079802,11.28950732,8.692558515,6.235031468,4.298505802,3.585964708,3.11678029,4.080251552,6.160425291,4.129981489
5.640473291,15.01150725,15.37150384,11.42413944,9.130027932,6.723332253,4.693987654,4.03214583,3.719480707,8.006531816,8.081974126,4.863971822
5.395902529,15.99563808,13.01696698,10.28071389,9.931424664,6.769349867,4.782942454,4.068487798,3.555889819,8.64030127,8.329344661,4.75733134
5.249585782,16.38849572,12.74193002,9.879488549,9.643736868,6.490693361,4.562559273,3.79369078,3.366288316,8.134414693,8.05461245,4.499666978
4.792925827,14.04357947,10.33082497,8.7403487,7.796926127,5.559396276,4.151322607,3.577950806,3.39887923,7.57019441,7.751507833,4.417613856
4.114900758,11.05396192,9.289766188,7.337690547,6.927016741,5.571197259,4.169171608,3.693258824,3.877181141,7.259844666,6.45318142,4.526867986
10.02336895,23.30218351,47.00605855,29.15538196,14.61177772,8.56193087,6.054231256,9.602153921,14.91002525,17.11232482,23.85989683,24.93670032
10.0244504,22.87735214,41.7377576,28.07594104,13.56512632,9.245302179,6.071454067,10.82901375,15.54505576,16.07836576,23.43253771,24.06732602
10.10485759,22.34035778,37.68996955,22.24364277,11.91524037,8.792139216,6.014019179,8.909739664,12.49744048,16.04802295,20.6242119,30.31879368
8.829575352,19.69939353,37.12789278,19.75051014,11.2951254,9.5445397,6.315489457,7.63212623,11.25891055,12.70009209,18.99014934,28.60366232
8.367341744,18.08124032,39.59630242,21.73941649,11.38751147,8.685466188,6.122861742,6.973648642,11.07278372,13.70290966,20.461378,25.90247248
7.817419644,18.51640036,44.61273203,26.70613019,12.60149786,9.206032726,6.279418056,7.204737426,11.16419659,14.16254902,20.96047657,31.04492981
7.564047983,18.97774124,34.48690041,23.12361482,11.73379558,8.90440757,6.280574265,6.866073533,10.00725694,13.56365848,19.27466043,26.43618712
8.287348189,22.39587212,41.5442519,24.07486948,12.85411,8.932818232,6.531009208,7.456973509,10.63401567,17.01000627,18.50093352,22.29987291
9.150446199,25.92679737,48.04942557,25.17743217,12.38314251,7.911183088,5.851515291,6.767430704,9.429776626,16.97961006,17.01916825,18.81626918
10.21600046,26.24095884,50.80254922,33.58305291,14.79568518,8.379161158,6.060190252,6.064261702,8.009040753,16.26809528,18.30038755,22.69820377
9.537134762,22.25059644,45.83420824,33.92535368,14.36345477,8.214866124,5.981498123,5.685603724,6.997871014,13.49986967,21.11301748,24.40713576
9.275891512,20.1297336,41.97038121,31.09951064,13.91569382,8.02102952,5.693526492,5.371879413,5.688170994,12.20745776,15.36099308,24.24480963
9.047973652,20.24813025,40.1074336,29.07257603,11.63165237,7.47224343,5.4585784,4.750644294,4.893876522,11.43668339,12.9048304,20.84994302
8.817541285,19.65544566,36.49059503,26.90356599,11.77420043,7.389846665,5.409508531,4.494553405,4.446954636,11.68639371,15.2366151,19.40961279
8.107242999,20.92783076,37.8500219,20.22473982,9.502416582,6.038428483,4.549539657,3.795023759,3.891377971,10.51594422,16.69026743,18.97147872
7.479554896,18.46615012,36.12880626,18.77291347,9.085053039,5.877781008,4.694450105,4.145164622,4.228891439,13.19565039,23.10368994,18.44881297
8.063576479,15.76691892,37.93353856,25.45704746,14.03074244,7.509818983,5.656477153,4.597540241,4.873274539,15.12812065,31.94598863,20.08347809
9.810017398,13.17851952,37.58397502,28.63129779,15.97818156,8.731129699,6.705304707,5.240052602,5.796277367,17.18799593,36.15808205,28.22938242
9.073470979,13.12991552,32.31601429,25.38372906,18.81143572,9.481296043,6.866875887,5.41658953,5.552547012,15.17091205,32.40381191,31.92610446
10.0614278,17.05866621,32.86010601,25.4561343,16.56007802,9.219070214,6.853872352,5.779519615,5.96546156,16.76336379,30.52979322,34.36207977
11.21221495,22.50392639,35.65601041,29.06251233,18.42786935,10.02976099,7.543461977,6.749337214,7.273918385,20.25444974,34.88626243,38.1847804
11.36851496,23.4912531,43.30855832,30.42746802,16.54804619,9.527985503,7.353086207,7.094001817,8.48544518,22.40241871,36.63316706,44.32807608
11.00431126,23.38553948,43.14706553,29.61989441,15.52626594,9.40599211,7.236402047,7.251484461,8.133972762,19.76612278,38.57703403,45.23569622
11.47678897,26.37206351,43.41498354,28.05151625,18.00468224,10.14491488,7.431857587,7.770172919,7.440566457,20.28723262,40.8675675,43.36195415
11.22013704,26.4189865,46.27282255,28.14458437,20.43297237,10.3599894,7.31940548,7.42899593,6.95299955,20.46641259,41.62623354,44.76296732
16.26014244,31.04138364,47.75879017,31.36597135,23.31776588,12.34793416,8.974721487,8.166554574,10.05404772,26.91089905,42.19521345,43.80254936
14.97945292,31.9532585,45.65259553,28.47294026,21.17898696,11.1840181,8.074047763,7.744517688,8.089845097,23.71350261,41.67623417,45.42531312
14.11208645,30.60266032,43.02739999,24.96536145,22.50226009,10.83660383,7.789485782,7.634041085,7.609176916,23.62256459,41.40097539,45.64060213
12.5022772,27.51994733,42.93780884,26.57925721,23.93563774,10.7441997,7.570015466,7.761722678,7.48752805,25.73953657,40.87929022,45.54025921
12.2749958,26.35922964,43.02156479,25.94693864,25.36074563,11.17388251,7.552193566,7.705847786,7.271226528,23.37980329,38.78719728,44.82349034
10.95829961,22.98618696,37.3737866,18.09197879,25.75256874,10.73497888,7.312505946,6.991605242,7.057025393,18.50489215,34.87624486,40.89741609
10.74069213,23.45788332,31.9333793,17.48657628,26.94186311,10.3597336,6.946706113,6.642883824,7.270928366,18.96564863,34.31699813,38.7022157
10.63355603,21.86511897,30.2218955,17.78458664,27.65347709,10.27058326,6.888470301,6.847867491,10.25611027,22.79666898,31.09955652,36.9424163
11.35260035,21.63467265,33.36414158,19.22619227,25.64857284,10.27355828,6.979635108,7.335564215,12.87397173,23.86842398,30.61474138,36.12076769
11.16800646,21.4298319,35.1244616,21.28400465,24.08592956,10.15215445,6.920977258,7.610508374,12.65669287,22.30921956,29.14308652,30.49847194
10.2807008,20.2994403,32.93218053,20.63567773,21.64333049,9.766834081,6.954026289,7.127786264,12.15007718,21.08634757,24.81566309,24.39258581
8.801036852,18.28732932,29.90615159,16.97625154,18.18550394,8.97115303,6.328525568,6.287918428,9.804901682,19.07035797,21.29251516,19.24934913
8.695871332,14.77802266,33.55503504,21.2330455,21.6435481,10.17680352,6.935598459,6.048505047,9.217666001,16.63620608,20.47793852,17.96259609
8.820291927,15.48491254,33.61829386,20.81781707,18.93274871,9.482658957,6.319640936,5.334135105,7.721103039,16.57893628,17.19383426,11.53441224
8.730093506,16.26083575,32.8912183,18.63419069,16.79372919,8.653974949,5.88489932,4.95686107,8.210980175,18.86449239,16.13942233,7.301303565
8.72792185,14.53745953,31.21798221,19.840638,17.89923372,9.0641837,6.036323351,4.755445573,8.303322507,18.98067566,17.47579846,8.692238077
8.130244052,14.57575872,30.41382886,17.58403084,15.77613315,8.179917835,5.732366349,4.484153637,7.03411474,18.49064742,18.43995146,10.28032556
7.848500689,13.28728538,32.32431768,19.29849125,15.5948982,8.361018093,5.938128845,4.762002985,6.723799462,19.25848319,18.67467217,10.1864809
7.461255595,10.88412727,31.17818308,23.7497069,18.34813586,9.628474243,6.47588803,4.954695263,7.563741692,17.6913003,17.92446208,12.99991021
