Month,poly.id,Animal.sp,Total,Sight_Distance
1,1,7,9,80
1,2,18,2,10
1,3,7,20,40
1,3,9,1,40
1,3,10,6,60
1,5,10,14,50
1,7,7,3,60
1,9,2,4,80
1,9,1,1,20
1,10,7,2,15
1,12,9,3,60
1,13,2,3,40
1,13,3,30,70
1,14,3,6,50
1,14,1,180,70
1,14,7,46,60
1,14,3,36,60
1,15,1,650,110
1,15,4,1,50
1,15,9,12,60
1,17,9,2,70
1,17,10,6,80
1,17,9,1,80
1,18,10,42,100
1,20,5,2,100
1,22,9,2,20
1,24,2,22,60
1,24,5,8,80
1,24,7,7,40
1,24,2,14,60
1,24,9,2,60
1,25,10,2,40
1,25,7,19,5
1,26,9,5,10
1,26,7,5,20
1,28,9,4,50
1,28,2,16,70
1,30,5,1,60
1,31,2,18,70
1,31,5,2,80
1,33,10,13,90
1,34,9,4,100
1,34,5,16,100
1,34,10,17,120
1,34,7,6,30
1,34,9,2,20
1,36,7,33,10
1,37,7,3,5
1,39,7,1,50
1,40,9,3,90
1,40,10,5,70
2,1,7,1,70
2,2,7,29,30
2,2,1,46,100
2,3,7,1,60
2,5,9,1,60
2,6,2,14,70
2,9,10,8,130
2,9,1,240,90
2,13,5,3,120
2,14,7,1,40
2,14,3,1,50
2,15,3,1,60
2,15,5,1,60
2,17,7,8,100
2,17,2,1,20
2,17,10,7,90
2,18,7,38,80
2,18,10,3,60
2,19,7,7,50
2,20,12,12,50
2,20,7,3,40
2,21,2,13,50
2,23,2,6,60
2,23,7,24,40
2,24,7,60,40
2,24,7,5,30
2,25,10,2,20
2,26,2,7,60
2,26,7,36,50
2,26,2,16,80
2,28,8,4,10
2,29,5,5,40
2,30,5,12,80
2,30,10,42,100
2,30,11,6,60
2,33,10,9,80
2,33,2,8,60
2,34,2,7,30
2,36,7,6,60
2,36,7,26,80
2,39,11,1,20
2,39,7,2,40
2,39,5,7,120
2,39,2,14,110
2,39,10,7,40
2,39,9,3,40
2,40,10,2,70
3,1,7,1,40
3,1,2,1,70
3,2,18,2,15
3,3,6,1,40
3,3,7,3,40
3,4,11,2,100
3,5,7,2,30
3,5,18,2,10
3,5,7,1,20
3,5,7,7,10
3,6,7,2,25
3,7,9,2,20
3,8,7,3,40
3,9,7,12,120
3,11,10,26,60
3,12,9,4,50
3,13,5,11,100
3,13,9,1,60
3,13,10,2,60
3,14,11,4,90
3,14,2,30,20
3,15,6,1,60
3,15,5,1,60
3,15,2,0,70
3,15,10,0,150
3,16,9,0,30
3,17,11,0,30
3,17,6,9,70
3,17,2,12,70
3,17,10,23,50
3,19,10,3,60
3,21,18,2,10
3,24,7,1,50
3,29,9,1,30
3,29,7,22,130
3,30,5,1,20
3,32,5,1,30
3,35,11,2,20
3,37,11,4,30
3,37,5,1,90
3,37,9,2,40
3,37,7,23,60
3,37,7,18,40
3,39,7,9,20
3,39,11,14,20
3,40,8,8,60
3,40,7,9,70
3,40,10,4,60
3,40,7,7,25
3,40,10,3,90
4,1,7,46,150
4,2,18,2,10
4,3,11,1,20
4,4,7,52,80
4,5,7,3,15
4,5,18,3,20
4,7,7,38,30
4,8,7,2,40
4,8,18,2,15
4,11,10,16,120
4,12,2,120,160
4,12,10,5,40
4,12,9,4,60
4,13,9,6,80
4,13,2,60,100
4,13,13,6,70
4,13,5,8,100
4,13,10,12,100
4,13,5,5,90
4,13,5,8,70
4,13,9,2,40
4,14,9,2,80
4,14,2,22,80
4,14,6,14,80
4,15,9,3,50
4,16,10,31,60
4,16,2,12,60
4,19,7,69,25
4,20,7,1,50
4,21,18,2,10
4,21,18,2,20
4,22,9,1,0
4,24,9,2,0
4,28,8,4,60
4,28,11,9,100
4,29,5,1,5
4,30,10,3,70
4,32,11,1,20
4,33,10,4,20
4,34,5,6,80
4,36,7,12,15
4,37,7,1,5
4,40,5,80,100
4,40,7,39,50
5,1,12,32,20
5,1,7,1,30
5,1,12,15,30
5,2,18,2,10
5,3,9,1,40
5,4,7,5,20
5,4,7,57,40
5,5,7,1,60
5,6,12,6,120
5,6,12,18,50
5,6,7,7,10
5,7,12,14,50
5,8,12,12,60
5,9,2,160,60
5,9,11,4,60
5,9,10,9,60
5,9,6,14,60
5,10,7,23,40
5,10,6,8,100
5,12,10,3,120
5,12,9,8,120
5,12,2,22,120
5,12,1,9,120
5,12,6,2,110
5,13,5,17,90
5,14,1,120,100
5,14,2,80,100
5,14,2,8,50
5,15,9,2,70
5,15,2,28,80
5,16,1,2,80
5,16,2,30,80
5,16,11,10,40
5,17,10,14,80
5,17,2,26,80
5,17,11,3,80
5,17,9,7,60
5,19,2,9,40
5,19,9,3,40
5,19,5,12,60
5,24,9,1,30
5,26,18,2,40
5,29,2,46,70
5,29,11,4,40
5,38,7,3,80
5,39,10,2,60
6,1,11,2,60
6,1,3,8,40
6,1,2,14,80
6,2,18,1,20
6,3,9,1,20
6,3,2,40,70
6,4,9,1,40
6,4,11,12,40
6,4,7,2,10
6,4,7,22,60
6,4,1,7,60
6,5,2,4,40
6,6,9,3,20
6,6,1,12,80
6,7,2,20,70
6,9,2,25,110
6,9,1,1,60
6,10,7,1,40
6,11,2,70,70
6,11,3,7,40
6,12,18,2,5
6,14,2,18,40
6,14,9,3,40
6,14,3,1,20
6,14,9,3,40
6,14,2,160,60
6,17,2,100,50
6,17,1,30,50
6,17,2,70,60
6,18,10,16,70
6,20,2,2,40
6,20,9,4,40
6,20,2,3,30
6,20,7,16,30
6,20,7,52,50
6,25,7,16,40
6,25,9,1,10
6,29,9,2,30
6,30,5,2,60
6,34,9,5,40
6,40,7,8,60
6,40,10,7,20
6,40,7,16,60
7,1,3,2,30
7,1,7,29,50
7,2,18,2,10
7,2,9,1,20
7,2,7,12,40
7,3,3,1,20
7,3,10,360,40
7,5,7,17,40
7,5,10,2,60
7,6,9,2,30
7,6,3,2,10
7,7,10,2,30
7,7,7,6,40
7,7,3,3,50
7,7,7,15,30
7,7,7,22,20
7,8,7,2,20
7,8,11,3,20
7,9,2,24,40
7,9,9,2,10
7,10,9,3,30
7,11,11,32,50
7,11,3,4,40
7,13,3,56,20
7,13,5,2,20
7,14,3,150,40
7,14,5,57,30
7,14,2,60,20
7,14,3,16,30
7,14,2,70,10
7,15,3,180,20
7,15,2,74,20
7,15,9,4,40
7,15,5,34,30
7,15,9,4,20
7,15,2,11,30
7,16,7,2,20
7,18,18,2,10
7,18,7,21,30
7,20,9,1,20
7,20,7,18,30
7,20,3,1,40
7,20,7,3,10
7,21,7,14,30
7,21,18,1,10
7,22,10,4,40
7,22,9,2,30
7,22,12,7,30
7,23,7,1,50
7,23,2,12,40
7,24,7,2,50
7,25,18,1,20
7,26,9,1,40
7,26,7,15,60
7,26,18,1,40
7,27,18,2,20
7,27,11,6,20
7,27,7,10,40
7,28,3,2,60
7,29,2,29,40
7,30,5,3,50
7,30,3,32,40
7,31,11,6,40
7,32,2,8,50
7,36,3,1,40
7,36,9,1,40
7,37,1,22,40
7,38,7,3,50
7,39,1,320,20
7,40,1,140,60
7,40,10,16,70
8,1,7,2,40
8,1,3,2,40
8,1,3,18,20
8,1,7,3,10
8,1,3,22,60
8,2,9,1,40
8,2,7,1,10
8,2,3,14,15
8,3,2,28,60
8,3,9,2,30
8,3,7,4,30
8,4,7,25,70
8,5,3,21,20
8,5,3,22,60
8,5,18,3,20
8,8,3,3,10
8,8,3,2,40
8,8,3,36,60
8,9,3,5,20
8,9,10,56,170
8,9,6,42,60
8,9,3,34,40
8,10,10,70,100
8,10,7,5,40
8,11,3,2,40
8,11,3,2,20
8,12,11,3,40
8,13,3,66,10
8,14,3,50,30
8,14,9,2,10
8,14,3,22,60
8,15,2,2,40
8,15,3,40,40
8,16,5,2,40
8,16,3,2,40
8,17,3,13,30
8,17,3,2,40
8,18,7,2,50
8,19,2,14,80
8,19,10,22,80
8,20,7,36,40
8,20,5,8,70
8,21,7,60,40
8,22,7,40,50
8,23,7,18,20
8,23,4,1,10
8,23,3,8,60
8,23,7,18,70
8,24,5,6,60
8,25,8,7,40
8,27,7,2,10
8,28,3,15,20
8,29,11,3,100
8,29,3,80,60
8,29,9,2,70
8,29,3,6,40
8,29,7,2,20
8,30,3,16,40
8,30,9,2,50
8,31,3,4,20
8,31,3,5,10
8,32,11,1,30
8,33,10,8,140
8,33,7,4,0
8,35,4,3,60
8,35,7,3,40
8,35,3,8,20
8,35,3,16,10
8,36,7,7,20
8,37,2,4,100
8,37,3,8,20
8,38,3,1,10
8,38,7,12,20
8,39,3,1,30
8,39,10,12,120
8,40,10,2,60
9,1,7,20,50
9,1,3,5,30
9,1,4,1,60
9,1,7,2,20
9,1,7,7,30
9,2,18,2,20
9,3,10,2,35
9,4,7,2,20
9,4,10,6,50
9,4,2,10,50
9,4,2,14,30
9,5,7,2,50
9,5,5,8,120
9,5,2,60,120
9,6,7,1,25
9,7,2,52,40
9,8,12,1,50
9,8,2,42,30
9,8,18,2,5
9,9,7,4,10
9,12,10,8,180
9,12,2,240,60
9,13,9,4,50
9,13,1,8,30
9,14,2,26,30
9,14,5,4,60
9,14,2,36,20
9,14,3,52,60
9,14,6,13,30
9,14,5,115,20
9,14,2,14,40
9,15,9,1,15
9,15,2,20,10
9,17,2,120,60
9,17,10,16,70
9,19,1,22,0
9,19,9,3,30
9,20,7,6,40
9,20,10,2,10
9,22,1,2,60
9,22,11,3,60
9,22,3,1,20
9,24,2,48,50
9,24,12,42,70
9,24,2,102,50
9,25,9,2,15
9,26,2,70,50
9,28,4,2,50
9,29,5,4,30
9,32,7,55,50
9,32,5,5,40
9,35,9,1,20
9,35,7,16,40
9,35,7,9,50
9,35,5,1,20
9,35,10,15,30
9,36,8,16,0
9,36,7,6,20
9,38,7,9,10
9,38,7,16,50
9,38,5,2,10
9,39,10,10,110
9,37,10,7,50
10,1,7,1,30
10,2,7,68,50
10,2,2,22,70
10,2,1,17,70
10,3,10,60,70
10,4,7,11,10
10,4,7,1,30
10,5,7,1,20
10,5,7,2,15
10,6,9,2,20
10,6,7,2,15
10,6,10,2,30
10,7,7,1,40
10,7,18,2,20
10,8,1,56,50
10,8,1,22,60
10,9,7,3,20
10,10,6,13,70
10,10,7,13,60
10,11,10,2,70
10,11,9,3,100
10,11,3,16,100
10,12,9,3,70
10,12,7,2,20
10,12,10,36,70
10,12,3,150,40
10,12,5,2,15
10,13,5,2,10
10,13,3,40,60
10,14,3,80,40
10,14,7,32,10
10,14,9,4,10
10,14,9,2,60
10,14,9,2,40
10,15,2,14,70
10,15,5,9,70
10,16,9,3,60
10,16,5,5,90
10,16,2,30,80
10,17,9,4,70
10,18,5,2,140
10,18,10,1,30
10,18,12,9,200
10,20,18,2,20
10,20,5,1,0
10,20,6,1,30
10,20,7,1,30
10,25,11,3,10
10,26,9,2,30
10,27,10,120,70
10,31,2,16,30
10,32,10,8,120
10,32,2,3,120
10,34,5,2,30
10,35,7,5,10
10,35,5,4,30
10,36,9,1,20
10,37,2,28,60
10,39,7,4,20
10,39,5,3,20
10,39,2,24,30
10,39,2,57,40
10,40,2,15,90
10,40,10,10,60
10,40,7,1,30
11,1,3,11,30
11,1,9,3,60
11,2,7,42,15
11,2,2,44,70
11,2,11,3,40
11,3,6,5,60
11,3,10,8,70
11,3,3,22,100
11,4,7,12,10
11,6,2,120,80
11,6,4,7,30
11,6,3,6,60
11,6,1,600,100
11,6,10,3,20
11,7,5,20,50
11,7,11,2,40
11,7,2,66,60
11,9,10,16,80
11,9,7,56,100
11,12,10,2,15
11,12,9,4,40
11,12,3,29,70
11,13,2,32,100
11,13,7,9,60
11,15,9,6,40
11,16,6,2,70
11,16,2,160,100
11,16,10,9,50
11,19,1,1200,80
11,19,5,25,40
11,19,12,36,120
11,22,6,4,5
11,22,10,140,70
11,22,2,80,60
11,24,9,2,30
11,24,11,13,15
11,24,2,280,100
11,26,6,5,50
11,26,5,38,70
11,26,4,9,20
11,26,2,4,50
11,28,10,2,5
11,28,6,36,60
11,28,2,320,90
11,28,9,5,40
11,29,11,2,20
11,29,2,66,70
11,29,5,31,70
11,30,2,36,40
11,32,10,8,50
11,32,2,140,80
11,34,7,54,100
11,34,10,7,60
11,34,2,320,120
11,34,12,1,15
11,35,7,19,40
11,37,7,4,10
11,38,11,3,40
11,39,5,4,60
11,40,10,18,100
12,1,7,47,15
12,1,18,2,25
12,3,9,2,15
12,4,18,2,0
12,5,18,1,10
12,5,18,2,15
12,5,18,2,35
12,5,7,1,40
12,6,7,1,20
12,6,7,1,40
12,8,7,1,40
12,11,10,4,150
12,12,3,1,10
12,13,5,7,50
12,13,9,1,40
12,14,5,1,60
12,14,9,2,60
12,16,10,3,180
12,16,9,3,180
12,17,10,19,60
12,17,6,3,20
12,17,5,4,80
12,17,11,2,15
12,18,10,1,40
12,18,11,1,20
12,18,18,1,10
12,19,9,1,15
12,19,7,28,60
12,20,12,21,10
12,21,18,5,10
12,24,11,9,5
12,24,9,9,5
12,25,8,6,10
12,26,7,1,5
12,27,18,2,3
12,28,9,3,200
12,29,5,10,70
12,32,9,2,100
12,34,9,2,20
12,35,7,1,15
12,36,7,20,150
12,36,8,14,5
12,36,9,1,5
12,37,5,5,10
12,37,7,15,20
12,38,8,3,30
12,39,7,25,250
12,39,7,1,70
12,39,8,2,100
12,40,7,18,150
1,41,7,18,100
1,43,9,4,70
1,44,9,6,100
1,45,3,2,30
1,47,6,8,140
1,47,7,23,120
1,48,7,2,20
1,49,18,2,5
1,49,21,42,50
1,49,18,4,20
1,51,21,1,40
1,53,7,20,30
1,53,5,4,40
1,53,10,2,30
1,53,7,37,100
1,57,7,1,5
1,57,5,1,40
1,58,7,1,20
1,59,7,1,40
1,59,9,3,40
1,59,7,1,10
1,60,10,2,80
1,61,3,1,40
1,61,5,1,60
1,62,9,2,50
1,63,1,2600,70
1,63,2,70,70
1,63,7,56,40
1,64,5,2,15
1,64,10,1,50
1,64,9,2,60
1,65,1,590,90
1,65,2,140,90
1,66,6,2,120
1,66,12,7,60
1,67,7,28,60
1,67,2,150,80
1,67,1,340,80
1,69,1,18,60
1,69,7,25,100
1,69,1,56,140
2,41,1,1,30
2,41,7,2,40
2,41,7,20,60
2,42,7,1,90
2,43,11,1,60
2,43,3,2,40
2,44,2,3,150
2,44,1,1,140
2,46,6,12,110
2,46,9,6,60
2,47,10,4,40
2,47,7,36,120
2,48,5,6,70
2,48,7,2,70
2,49,7,7,10
2,49,21,26,40
2,50,3,1,30
2,50,7,32,70
2,51,11,6,40
2,52,1,46,70
2,53,9,1,20
2,53,1,60,80
2,55,9,8,20
2,57,9,5,30
2,58,1,80,50
2,59,9,1,10
2,59,7,1,5
2,61,3,6,90
2,61,5,1,40
2,61,9,2,40
2,61,1,120,140
2,62,7,26,60
2,63,7,60,70
2,64,7,1,40
2,64,1,7,100
2,65,4,12,80
2,65,5,8,80
2,65,1,70,140
2,65,2,38,50
2,66,10,6,90
2,66,1,24,70
2,67,7,32,50
2,67,5,1,40
2,67,1,120,90
2,68,7,46,60
2,68,2,180,70
2,68,1,120,70
2,69,9,1,60
2,69,2,32,80
2,69,7,46,70
2,70,18,2,10
2,71,10,6,40
2,71,7,25,60
3,42,7,16,160
3,43,4,9,60
3,43,9,1,40
3,44,4,6,80
3,44,5,17,120
3,45,5,6,40
3,47,10,8,190
3,48,10,13,40
3,48,7,56,50
3,48,2,5,50
3,49,21,22,70
3,50,10,4,40
3,55,7,1,60
3,55,7,1,10
4,41,7,26,110
4,41,9,1,80
4,42,7,14,70
4,43,5,28,60
4,43,2,9,60
4,43,4,14,60
4,43,9,4,65
4,43,6,11,70
4,43,7,3,80
4,44,5,10,40
4,44,9,5,40
4,45,7,44,120
4,45,7,1,80
4,45,9,1,80
4,45,5,2,80
4,46,10,18,100
4,47,7,1,190
4,48,7,48,60
4,48,7,56,40
4,49,8,1,45
4,49,21,16,50
4,50,12,32,30
4,50,9,3,40
4,53,5,1,30
4,54,7,11,30
4,55,6,11,70
4,55,5,6,100
4,55,2,36,100
4,55,7,5,100
4,56,9,1,120
4,56,7,54,40
4,56,9,1,40
4,56,7,10,30
4,57,9,3,50
4,57,7,1,40
4,58,10,2,60
4,61,2,3,20
4,61,7,37,60
4,61,9,1,60
4,61,5,1,70
4,61,7,23,60
4,61,5,16,40
4,61,1,1,150
4,62,7,32,80
4,62,7,1,30
4,63,7,6,20
4,63,7,7,45
4,64,7,25,50
4,64,5,3,50
4,64,9,1,60
4,67,7,3,30
4,68,9,4,40
4,68,7,26,40
4,69,2,6,20
4,69,7,3,40
5,42,2,34,90
5,42,5,16,90
5,43,9,7,70
5,43,2,40,70
5,43,1,56,70
5,43,5,6,60
5,43,2,60,60
5,43,1,110,60
5,44,7,3,40
5,44,7,6,60
5,45,9,3,15
5,48,7,41,20
5,48,8,2,60
5,49,7,38,40
5,49,21,26,30
5,51,7,28,40
5,53,9,2,10
5,54,11,1,30
5,55,9,1,80
5,58,5,1,100
5,60,2,6,40
5,60,9,1,70
5,61,7,22,10
5,61,5,6,40
5,61,9,3,30
5,62,11,2,60
5,63,7,24,40
5,64,9,3,20
5,64,11,28,120
5,66,2,8,40
5,67,7,18,40
5,67,2,6,40
6,41,3,60,40
6,41,9,1,60
6,41,3,20,60
6,42,2,30,100
6,42,1,40,100
6,42,3,50,100
6,43,3,7,30
6,43,3,3,20
6,44,2,30,120
6,44,9,3,40
6,44,3,22,80
6,45,3,10,30
6,45,2,10,150
6,46,2,25,120
6,46,2,22,100
6,47,2,120,90
6,49,21,42,60
6,51,7,7,40
6,53,7,2,20
6,53,2,10,40
6,53,5,2,60
6,55,5,6,10
6,56,4,1,20
6,56,3,26,20
6,59,1,25,40
6,59,2,30,40
6,60,3,1,40
6,60,9,2,70
6,62,2,20,100
6,62,7,16,120
6,62,5,1,40
6,63,10,5,60
6,63,5,3,40
6,65,1,4,60
6,66,7,7,40
6,68,7,32,60
7,41,3,46,20
7,42,3,32,20
7,43,3,1,10
7,43,3,1,20
7,43,3,18,20
7,44,5,1,60
7,44,3,18,20
7,45,3,16,20
7,45,9,3,40
7,46,3,8,10
7,46,10,3,60
7,47,3,4,40
7,49,10,5,60
7,49,7,5,50
7,49,21,42,10
7,50,21,1,30
7,51,7,6,40
7,52,7,6,50
7,53,5,5,60
7,53,7,1,60
7,55,3,5,40
7,55,3,4,30
7,56,3,2,20
7,57,7,3,40
7,57,5,4,40
7,57,2,17,70
7,58,7,3,60
7,58,3,15,20
7,61,9,3,110
7,63,2,40,40
7,63,7,21,10
7,63,3,10,20
7,63,2,12,70
7,64,3,3,20
7,64,2,38,30
7,65,10,4,90
7,67,2,3,30
7,67,7,15,30
7,68,7,16,40
8,41,3,4,40
8,41,9,3,70
8,41,3,5,40
8,41,3,3,50
8,42,3,6,40
8,42,3,16,70
8,43,3,60,60
8,43,2,18,120
8,44,3,6,100
8,45,3,7,20
8,45,3,1,0
8,46,10,5,70
8,46,3,6,20
8,47,3,4,10
8,49,21,26,70
8,49,7,7,40
8,50,3,28,60
8,51,10,4,50
8,51,18,2,40
8,51,7,17,20
8,52,7,9,30
8,53,3,3,60
8,53,5,13,40
8,53,3,26,60
8,53,7,42,60
8,54,5,3,30
8,55,3,7,40
8,55,7,5,50
8,56,3,6,60
8,56,11,1,5
8,57,5,1,80
8,57,3,1,0
8,60,3,7,30
8,60,9,6,40
8,61,3,9,40
8,61,7,12,40
8,61,10,2,50
8,61,2,8,80
8,62,11,4,20
8,62,2,5,110
8,63,3,4,20
8,63,7,4,40
8,63,3,2,40
8,66,7,1,30
8,68,5,1,15
8,68,3,1,15
8,68,7,6,3
9,41,10,180,150
9,41,3,250,70
9,42,2,12,60
9,42,6,4,40
9,42,3,12,40
9,43,5,13,10
9,43,2,6,10
9,43,9,1,50
9,46,1,1,30
9,46,2,150,90
9,46,5,1,60
9,46,6,1,40
9,46,2,220,120
9,47,2,150,80
9,49,21,44,70
9,50,7,1,15
9,51,7,20,30
9,53,2,22,40
9,54,5,8,70
9,55,11,2,40
9,55,2,8,50
9,56,11,2,40
9,56,7,5,50
9,58,7,1,30
9,60,2,65,20
9,61,2,400,80
9,61,1,1200,80
9,62,2,66,50
9,63,1,18,50
9,63,2,160,50
9,63,11,3,50
9,64,1,50,20
9,65,2,800,40
9,65,11,4,20
9,66,2,460,100
9,67,5,1,40
9,67,7,2,30
10,41,1,18,200
10,42,3,22,50
10,42,3,3,30
10,44,3,4,40
10,45,9,1,40
10,46,5,4,50
10,46,9,1,60
10,46,2,120,50
10,47,1,30,50
10,47,7,7,60
10,47,10,2,60
10,48,7,44,80
10,49,11,6,40
10,49,21,42,60
10,49,7,33,50
10,51,7,2,60
10,51,3,60,30
10,52,7,19,40
10,53,5,1,60
10,53,1,22,60
10,54,11,9,60
10,54,10,2,50
10,56,11,8,70
10,56,2,7,70
10,57,2,15,80
10,57,13,20,80
10,59,7,2,30
10,59,1,112,40
10,60,2,102,50
10,60,3,7,40
10,62,5,5,80
10,62,7,14,40
10,63,3,80,30
10,64,3,3,50
10,65,2,28,30
10,65,1,8,30
10,68,1,180,10
10,68,2,80,10
10,69,7,39,20
11,42,9,10,80
11,43,1,22,50
11,44,5,1,20
11,45,5,1,40
11,46,7,36,150
11,47,5,6,40
11,47,7,4,40
11,47,9,3,60
11,47,10,8,120
11,48,7,52,180
11,48,1,260,40
11,49,21,22,60
11,49,7,2,10
11,49,1,120,60
11,51,10,6,40
11,51,9,1,30
11,52,7,2,40
11,53,5,14,90
11,56,1,8,60
11,57,5,2,40
11,57,9,3,20
11,57,7,16,20
11,59,18,2,5
11,60,7,12,140
11,62,2,15,60
11,62,5,8,90
11,62,7,1,40
11,62,13,7,90
11,62,7,26,80
11,62,6,4,80
11,62,5,8,80
11,62,7,2,50
11,62,5,3,50
11,64,1,640,200
11,64,2,8,50
11,65,1,240,70
11,66,7,32,60
11,66,2,6,50
11,66,1,120,50
11,66,6,4,20
11,69,7,1,30
11,69,16,2,70
12,44,6,2,20
12,44,9,1,30
12,44,5,1,20
12,45,6,8,50
12,45,5,2,70
12,46,11,9,15
12,48,7,15,80
12,48,5,5,80
12,48,10,4,50
12,48,2,40,150
12,48,18,2,10
12,49,21,46,60
12,49,18,2,5
12,49,9,17,35
12,49,7,1,35
12,49,11,1,30
12,50,11,4,20
12,50,7,1,10
12,50,17,2,5
12,51,10,1,20
12,51,11,1,50
12,51,7,1,30
12,51,11,16,60
12,51,10,1,10
12,52,7,2,20
12,53,7,5,30
12,54,11,1,50
12,54,5,60,50
12,54,9,1,0
12,54,7,5,100
12,55,9,1,30
12,55,7,1,40
12,55,5,6,10
12,55,6,4,100
12,56,2,26,150
12,56,13,18,150
12,56,10,66,150
12,57,7,1,10
12,57,7,3,20
12,58,7,24,10
12,58,9,2,20
12,61,7,18,70
12,62,18,2,10
12,62,7,1,70
12,63,11,4,200
12,63,5,2,150
12,63,7,2,80
12,65,9,1,100
12,67,7,32,40
12,68,7,4,50
12,69,7,28,100
1,72,18,3,10
1,75,10,14,60
1,76,9,3,20
1,78,7,16,15
1,79,9,5,40
1,80,7,65,60
1,80,5,18,70
1,81,11,4,40
1,82,9,5,30
1,82,7,5,60
1,83,11,1,40
1,86,7,1,30
1,86,1,2,130
1,87,9,3,60
1,88,12,12,60
1,89,12,3,80
1,89,10,5,60
1,90,1,450,80
1,90,12,18,40
1,90,11,15,10
1,92,1,80,40
1,92,17,2,50
1,93,17,2,45
1,93,7,16,40
1,95,4,1,60
1,95,3,2,30
1,95,1,70,110
1,97,5,1,40
1,97,3,40,60
1,98,5,1,60
1,98,3,3,40
1,99,9,3,40
1,99,5,2,40
1,99,1,23,60
1,99,3,14,60
1,100,10,4,50
1,100,9,2,40
1,100,1,52,70
1,101,10,8,90
1,101,5,2,60
1,102,1,36,100
1,102,1,140,150
1,103,9,1,60
1,103,3,4,20
1,103,3,2,30
1,104,6,5,120
1,105,4,12,70
1,106,5,4,40
1,106,7,13,30
1,107,4,1,60
1,107,5,15,40
1,108,7,16,80
1,108,5,11,30
1,108,2,24,90
1,108,6,2,50
1,108,2,15,50
1,108,9,2,40
2,73,7,2,60
2,73,10,7,40
2,75,18,2,10
2,76,10,2,30
2,76,6,3,20
2,77,7,1,15
2,78,18,2,15
2,79,9,2,60
2,83,7,9,40
2,84,7,36,70
2,84,7,38,40
2,84,6,1,10
2,85,1,80,60
2,85,5,8,40
2,85,6,1,20
2,85,4,1,20
2,85,7,25,40
2,87,1,160,70
2,88,7,36,40
2,89,11,13,40
2,90,1,18,60
2,90,7,48,70
2,90,10,5,60
2,91,7,16,40
2,91,6,9,60
2,92,18,2,30
2,92,7,1,60
2,92,17,2,60
2,92,10,2,20
2,94,5,1,45
2,95,6,1,30
2,95,4,12,80
2,96,6,2,110
2,96,4,8,100
2,96,3,2,60
2,98,6,1,50
2,98,1,140,80
2,98,2,46,80
2,98,5,1,40
2,98,3,3,40
2,99,1,250,100
2,99,2,80,100
2,99,3,32,60
2,99,4,8,40
2,100,10,4,60
2,101,1,260,70
2,101,4,26,60
2,101,3,18,60
2,102,3,26,90
2,102,1,160,120
2,103,6,2,40
2,103,4,1,40
2,104,1,320,80
2,104,2,90,80
2,105,6,3,30
2,106,5,1,40
2,106,9,1,40
2,107,12,21,40
2,107,2,80,50
2,107,6,1,40
2,107,9,1,60
2,108,12,7,70
2,108,2,62,100
3,72,7,2,60
3,72,7,44,60
3,72,21,5,20
3,72,18,4,25
3,72,18,2,15
3,73,7,1,30
3,73,7,8,5
3,74,7,1,20
3,74,7,33,20
3,74,5,2,20
3,74,6,10,20
3,75,18,2,40
3,76,7,40,60
3,79,7,1,20
3,80,6,18,100
3,80,5,12,30
3,80,7,29,20
3,80,7,3,40
3,81,7,56,60
3,81,9,1,10
3,81,5,6,40
3,84,9,4,80
3,84,6,8,70
3,85,2,120,80
3,86,2,180,60
3,86,6,2,60
3,87,7,1,20
3,87,12,6,60
3,88,7,21,10
3,89,12,4,30
3,89,12,12,40
3,91,9,10,10
3,91,7,1,20
3,91,10,17,20
3,91,7,13,30
3,91,6,11,60
3,91,7,12,60
3,92,10,2,40
3,92,17,2,10
3,93,7,3,20
3,93,5,1,20
3,94,10,14,40
3,94,6,1,60
3,98,5,3,40
3,99,5,1,60
3,99,2,5,60
3,100,10,3,70
3,100,2,6,100
3,100,5,1,20
3,101,5,9,60
3,101,2,60,80
3,101,5,16,80
3,101,2,30,60
3,103,5,42,70
3,103,11,1,20
3,103,2,140,120
3,103,4,10,40
3,103,6,4,80
3,103,4,2,60
3,105,9,2,80
3,105,9,1,40
3,107,7,12,100
3,107,5,1,60
3,108,7,16,90
4,72,10,1,8
4,72,18,2,10
4,72,7,3,50
4,73,10,4,20
4,74,9,2,60
4,78,7,15,70
4,78,7,40,50
4,78,8,6,50
4,79,7,1,15
4,81,2,56,80
4,81,11,2,70
4,81,5,1,60
4,81,7,2,60
4,81,18,1,20
4,82,11,2,90
4,83,7,1,20
4,83,11,1,35
4,84,9,3,40
4,84,6,6,50
4,84,5,16,65
4,85,7,1,0
4,86,5,4,90
4,87,5,16,40
4,89,7,1,60
4,90,10,5,50
4,92,17,2,40
4,93,7,1,45
4,94,10,4,70
4,96,5,2,60
4,97,10,3,120
4,100,10,7,100
4,101,5,5,60
4,102,5,56,50
4,102,2,26,50
4,102,6,18,60
4,102,1,22,50
4,102,4,14,50
5,72,10,6,40
5,72,18,2,10
5,73,11,11,70
5,73,7,56,80
5,75,6,4,5
5,75,9,4,60
5,78,2,120,100
5,78,4,42,30
5,78,9,1,5
5,80,11,16,70
5,80,6,22,40
5,80,10,11,60
5,83,9,6,80
5,83,7,71,40
5,86,2,80,50
5,86,12,36,80
5,86,1,360,100
5,89,4,5,10
5,89,2,140,110
5,91,1,600,80
5,91,12,1,5
5,91,9,5,40
5,93,2,66,100
5,93,6,16,15
5,95,3,24,25
5,95,1,80,60
5,95,2,44,20
5,96,3,9,10
5,97,1,260,100
5,97,2,120,60
5,99,3,41,30
5,99,5,2,5
5,100,12,22,80
5,100,6,10,15
5,100,9,3,60
5,104,7,66,80
5,104,12,4,40
5,104,6,28,60
5,106,11,4,20
5,106,12,32,100
5,106,9,6,70
5,107,5,19,30
5,107,3,18,60
5,107,2,56,80
6,72,2,40,60
6,72,10,4,40
6,73,7,1,30
6,73,7,13,20
6,74,3,25,60
6,74,7,20,80
6,74,3,6,60
6,74,2,20,60
6,74,13,6,40
6,74,7,4,40
6,75,1,100,60
6,75,2,80,60
6,76,9,1,20
6,79,7,40,20
6,79,1,8,30
6,79,2,16,40
6,79,13,2,60
6,80,3,60,60
6,80,4,3,60
6,80,7,1,5
6,80,9,1,30
6,81,7,34,30
6,82,2,20,80
6,82,3,1,20
6,82,9,1,60
6,82,2,4,40
6,82,7,2,2
6,83,18,2,5
6,83,7,40,20
6,84,3,4,20
6,84,7,13,10
6,84,6,14,30
6,84,11,1,20
6,84,7,3,10
6,85,2,12,40
6,85,5,2,10
6,85,13,4,60
6,86,7,1,10
6,86,5,6,10
6,87,7,36,80
6,87,5,6,40
6,88,7,60,30
6,90,2,70,60
6,90,7,12,40
6,91,7,1,40
6,91,6,6,40
6,92,10,5,40
6,93,6,1,10
6,93,7,8,10
6,95,5,4,40
6,96,2,20,150
6,97,2,25,180
6,98,9,3,60
6,98,13,4,40
6,98,2,220,80
6,100,2,18,130
6,101,13,5,100
6,101,2,60,100
6,101,1,32,80
6,101,6,10,80
6,101,5,3,80
6,101,2,14,40
6,102,11,4,40
6,103,6,1,40
6,104,10,2,60
6,104,7,1,20
6,104,6,1,20
6,107,2,11,80
6,108,2,8,60
6,108,5,4,60
6,108,6,6,80
7,72,18,2,20
7,72,18,2,20
7,73,18,2,30
7,73,3,1,10
7,74,3,1,40
7,74,3,3,60
7,74,3,2,20
7,75,3,36,40
7,75,3,22,60
7,79,3,4,40
7,80,3,2,50
7,80,4,36,60
7,80,3,64,50
7,81,3,28,40
7,82,3,1,70
7,82,2,4,60
7,82,3,3,50
7,83,7,1,40
7,83,3,6,50
7,83,4,1,30
7,83,5,16,40
7,83,11,1,10
7,83,4,5,5
7,84,3,12,60
7,93,9,3,40
7,84,3,1,50
7,85,3,19,40
7,85,7,7,30
7,87,7,8,60
7,89,7,3,30
7,91,12,7,30
7,91,17,2,5
7,92,9,2,10
7,96,4,1,20
7,97,3,12,50
7,99,3,7,70
7,101,4,2,5
7,102,4,6,30
7,107,5,1,80
8,102,5,1,60
8,72,21,2,5
8,72,7,6,20
8,74,3,1,60
8,76,11,3,40
8,78,7,1,20
8,80,3,3,40
8,80,9,3,70
8,81,3,18,60
8,81,3,4,2
8,81,7,1,25
8,83,7,18,20
8,83,3,20,40
8,83,6,6,30
8,84,2,18,120
8,84,3,11,20
8,85,7,8,40
8,86,3,5,50
8,86,4,5,50
8,87,11,2,20
8,89,6,4,70
8,89,7,8,70
8,90,12,2,150
8,92,7,3,30
8,92,4,3,20
8,92,7,1,40
8,93,6,1,30
8,95,5,1,50
8,95,2,70,70
8,95,6,2,40
8,99,2,15,80
8,100,2,11,50
8,108,7,1,30
8,108,7,44,50
8,108,6,12,50
9,72,18,3,15
9,73,10,6,40
9,73,21,4,15
9,75,7,36,60
9,75,10,18,70
9,76,6,3,5
9,76,4,32,60
9,78,5,26,80
9,78,7,54,100
9,79,10,16,40
9,79,2,160,100
9,81,3,18,20
9,81,4,22,70
9,84,6,2,15
9,86,10,64,120
9,86,7,12,30
9,87,4,9,50
9,88,9,3,20
9,88,12,2,70
9,89,11,1,10
9,90,6,10,50
9,90,10,8,40
9,90,2,80,60
9,91,6,6,40
9,91,2,180,70
9,91,4,23,10
9,91,13,22,100
9,93,6,4,5
9,93,12,4,80
9,93,5,9,40
9,95,1,240,70
9,95,9,4,40
9,95,10,8,60
9,98,6,19,30
9,98,7,2,20
9,98,2,22,50
9,98,5,18,60
9,100,11,19,40
9,100,6,26,80
9,100,2,400,150
9,101,3,40,15
9,101,4,2,0
9,103,13,8,40
9,103,2,44,60
9,103,7,67,20
9,105,11,2,10
9,105,10,36,80
9,105,9,6,50
9,106,3,29,30
9,106,3,24,60
9,108,4,5,5
9,108,2,66,80
9,108,9,2,40
9,108,1,180,100
10,72,18,1,2
10,72,3,5,40
10,73,7,3,30
10,73,7,3,50
10,74,3,6,50
10,74,3,2,60
10,74,6,9,80
10,74,3,4,20
10,74,7,1,40
10,75,11,1,40
10,75,8,1,60
10,76,7,1,30
10,76,5,9,50
10,77,7,1,50
10,77,7,23,60
10,81,1,60,120
10,81,5,1,40
10,81,7,6,40
10,81,11,5,50
10,84,7,1,40
10,84,6,11,60
10,84,7,1,5
10,84,6,16,70
10,84,5,3,80
10,85,7,55,10
10,86,5,8,80
10,86,3,1,20
10,88,18,2,30
10,88,5,2,40
10,88,7,14,40
10,88,6,2,30
10,88,7,56,60
10,91,10,11,40
10,91,7,16,50
10,91,1,19,50
10,91,2,14,80
10,91,6,4,130
10,92,7,2,40
10,92,2,1,5
10,92,5,4,60
10,92,2,8,40
10,92,6,5,60
10,92,7,14,60
10,92,10,1,50
10,93,6,7,100
10,93,2,5,40
10,93,1,60,40
10,93,5,1,10
10,94,2,20,50
10,94,1,90,30
10,96,6,5,50
10,96,4,11,40
10,96,3,16,40
10,98,3,1,50
10,98,5,16,140
10,98,3,13,30
10,99,3,52,60
10,99,6,2,40
10,99,10,3,50
10,100,5,2,60
10,101,12,1,110
10,101,3,16,70
10,101,6,3,140
10,101,3,4,20
10,102,3,14,70
10,102,5,3,30
10,103,6,22,70
10,103,5,4,40
10,103,10,3,60
10,103,12,2,80
10,105,5,5,120
10,105,7,44,80
10,107,5,2,20
10,108,5,11,50
11,73,7,12,5
11,73,1,60,50
11,76,7,3,20
11,77,7,51,10
11,77,5,2,15
11,78,7,1,10
11,78,9,2,20
11,79,7,4,40
11,80,5,3,50
11,80,9,3,50
11,80,1,130,60
11,80,2,20,60
11,81,7,1,50
11,81,7,3,40
11,82,7,70,60
11,82,11,2,80
11,84,2,28,60
11,84,9,1,40
11,84,5,3,40
11,84,7,1,40
11,84,6,4,60
11,84,2,4,70
11,85,6,1,5
11,85,7,7,10
11,89,7,1,15
11,90,9,2,30
11,91,10,5,50
11,92,2,40,30
11,92,7,36,60
11,93,7,4,10
11,93,1,20,40
11,93,2,8,40
11,94,13,26,80
11,94,6,4,10
11,94,2,20,80
11,94,3,10,40
11,94,7,18,20
11,95,10,3,30
11,95,3,12,40
11,95,13,8,90
11,95,9,1,20
11,95,2,4,10
11,95,5,9,100
11,95,13,18,120
11,96,5,1,30
11,96,10,4,20
11,96,13,30,70
11,96,10,6,80
11,98,5,1,30
11,98,1,260,70
11,99,5,3,5
11,99,3,1,40
11,102,2,180,50
11,103,3,4,10
11,104,7,15,0
11,104,6,1,40
11,105,1,340,50
11,105,2,20,50
11,106,1,20,90
11,106,7,52,60
12,72,11,2,25
12,72,18,2,50
12,72,18,2,20
12,73,18,2,5
12,73,7,20,70
12,73,7,6,40
12,74,10,8,100
12,75,6,6,60
12,75,7,11,20
12,76,12,14,80
12,76,18,2,10
12,76,7,3,25
12,77,7,26,80
12,78,9,3,50
12,79,7,1,120
12,79,11,16,60
12,79,5,4,60
12,79,9,1,70
12,80,11,1,40
12,80,7,66,40
12,80,11,1,10
12,80,9,2,50
12,81,9,1,25
12,82,18,2,5
12,82,12,57,20
12,82,2,9,60
12,83,12,20,50
12,83,2,80,70
12,83,7,1,20
12,83,6,1,30
12,84,9,1,70
12,84,2,18,50
12,84,5,4,120
12,86,11,2,60
12,86,6,20,100
12,87,7,1,100
12,87,5,12,30
12,87,7,1,20
12,88,11,1,5
12,88,11,22,70
12,88,2,28,50
12,88,7,56,100
12,88,10,6,60
12,89,10,3,10
12,89,2,44,5
12,89,7,4,30
12,89,2,7,10
12,91,10,9,20
12,92,7,8,5
12,92,17,2,20
12,92,5,11,30
12,92,18,2,15
12,92,7,11,10
12,93,7,15,100
12,93,10,3,80
12,93,7,2,50
12,94,6,1,60
12,94,5,1,50
12,94,6,1,70
12,95,4,10,120
12,96,4,3,50
12,96,6,4,100
12,97,2,20,200
12,99,2,150,40
12,99,5,4,10
12,99,10,3,30
12,101,2,200,120
12,101,5,8,100
12,101,13,14,80
12,103,2,1400,50
12,103,13,4,60
12,103,11,4,20
12,103,6,10,80
12,104,6,2,50
12,104,2,160,5
12,105,2,200,10
12,106,2,80,50
12,106,6,27,10
12,107,2,300,20
12,107,6,13,50
12,107,10,25,80
12,107,2,400,20
12,108,5,18,50
12,108,6,32,30
12,108,13,4,50
1,109,5,8,60
1,109,5,2,40
1,110,4,16,120
1,110,9,1,50
1,110,1,60,130
1,111,1,4,70
1,111,5,1,70
1,112,6,6,80
1,113,21,45,60
1,113,1,150,90
1,113,2,44,90
1,114,3,1,15
1,117,4,5,70
1,118,4,27,60
1,118,3,10,60
1,118,1,180,60
1,119,3,32,80
1,119,1,80,140
1,120,1,4000,100
1,121,1,3800,140
1,121,2,480,140
1,123,3,4,45
1,123,1,6000,80
1,123,2,60,70
1,123,6,4,90
1,126,4,9,40
1,126,3,46,60
1,127,3,18,40
1,128,3,36,80
1,128,1,8000,70
1,128,2,400,70
1,128,3,16,80
1,129,2,340,40
1,130,1,4000,70
1,133,6,7,40
1,133,3,2,10
1,136,12,4,10
1,136,2,8,30
1,136,13,1,20
1,136,6,1,40
1,138,10,2,60
1,140,1,8,40
1,141,1,18,60
1,141,3,120,60
1,141,2,60,30
1,142,9,2,40
1,142,3,70,60
1,143,3,90,80
1,144,4,36,50
1,144,3,22,50
1,144,3,30,60
1,145,3,9,30
1,145,4,1,30
1,146,4,3,20
1,146,3,40,60
1,147,4,20,40
1,147,3,36,40
1,147,5,2,20
1,149,4,28,60
1,150,5,4,40
1,150,4,42,70
1,152,4,3,20
1,157,3,3,20
1,159,3,36,40
1,159,9,2,40
1,159,3,80,60
1,160,9,2,20
1,161,4,60,100
1,161,3,180,100
1,163,3,32,40
1,164,3,1,20
1,165,13,1,80
1,166,3,2,40
1,167,3,11,40
1,168,3,7,60
1,169,3,7,20
1,170,3,70,50
1,171,3,50,80
1,172,3,16,40
1,173,3,55,60
1,173,2,7,80
1,173,3,18,40
1,174,3,40,60
1,174,1,2,100
1,174,2,2,100
1,174,3,68,80
1,176,2,4,40
1,176,5,12,60
1,177,3,80,90
1,179,3,24,60
1,181,3,3,40
1,182,3,5,60
1,183,3,17,50
2,109,9,3,60
2,109,4,12,100
2,109,6,6,100
2,110,6,4,60
2,110,6,1,40
2,113,21,28,60
2,114,6,2,120
2,116,6,3,80
2,117,1,48,120
2,117,2,12,120
2,117,3,11,80
2,117,4,32,80
2,117,6,9,110
2,118,4,16,30
2,118,3,1,50
2,118,1,170,140
2,118,2,60,140
2,119,1,420,100
2,119,2,140,100
2,121,4,36,90
2,121,2,540,130
2,121,1,120,130
2,122,3,1,40
2,122,1,240,70
2,123,3,18,60
2,123,2,22,60
2,124,1,6000,160
2,124,2,3200,160
2,125,1,1500,80
2,125,2,250,80
2,126,4,12,80
2,126,3,1,40
2,127,3,30,50
2,127,4,24,80
2,127,2,32,40
2,128,2,4,70
2,129,3,1,40
2,129,3,5,50
2,130,1,60,120
2,140,2,20,80
2,141,3,4,20
2,141,9,2,40
2,145,3,2,60
2,146,3,3,20
2,146,1,8,40
2,146,2,46,80
2,146,4,2,60
2,148,4,6,30
2,149,4,7,90
2,150,4,36,20
2,152,4,28,80
2,157,3,32,110
2,158,3,2,50
2,159,3,18,20
2,159,4,16,20
2,159,2,1,20
2,160,3,8,40
2,161,4,2,30
2,161,3,3,30
2,162,3,5,40
2,164,4,1,25
2,164,2,3,40
2,164,3,36,60
2,165,3,6,40
2,166,3,42,80
2,166,3,20,60
2,166,3,1,40
2,167,4,80,90
2,167,2,18,50
2,168,3,30,20
2,169,3,120,80
2,169,4,1,20
2,170,4,4,40
2,170,3,160,80
2,172,1,250,80
2,172,2,20,80
2,172,3,640,60
2,173,3,90,50
2,174,3,140,70
2,174,1,8,40
2,174,2,8,40
2,175,3,6,40
2,175,1,80,120
2,175,2,30,120
2,176,4,1,40
2,178,3,18,50
2,178,2,7,70
2,178,1,12,70
2,179,3,38,60
2,180,3,3,40
2,180,4,1,30
2,181,2,5,20
3,109,4,22,200
3,109,5,16,200
3,109,9,4,200
3,109,6,1,70
3,111,6,14,100
3,111,4,1,40
3,113,21,42,60
3,117,5,12,90
3,117,4,7,60
3,119,12,15,60
3,119,6,3,20
3,122,6,1,60
3,124,2,5,40
3,124,4,2,40
3,124,6,22,60
3,124,5,1,30
3,124,9,1,70
3,129,9,2,80
3,129,3,2,60
3,134,6,3,40
3,141,4,8,120
3,141,6,12,120
3,144,6,3,20
3,146,9,2,60
3,147,4,1,40
3,148,1,270,180
3,148,2,800,180
3,149,2,1600,120
3,149,4,8,90
3,150,2,1200,80
3,152,2,340,60
3,156,4,260,160
3,159,3,5,20
3,159,4,60,40
3,161,3,9,20
3,161,4,8,20
3,161,3,35,40
3,161,4,20,40
3,163,2,180,90
3,163,3,70,60
3,163,4,40,60
3,163,13,8,180
3,164,2,140,90
3,164,3,30,70
3,166,3,170,60
3,166,4,60,60
3,166,2,3,40
3,167,3,150,60
3,167,4,40,60
3,168,13,4,40
3,168,2,3,40
3,168,3,70,60
3,169,3,90,70
3,170,2,30,100
3,171,4,11,30
3,171,3,19,30
3,173,13,3,40
3,173,1,90,100
3,173,2,20,100
3,173,3,38,70
3,174,3,25,50
3,174,1,10,40
3,175,3,30,60
3,175,2,1,20
3,177,1,620,90
3,177,2,2,30
3,177,3,80,60
3,179,1,240,80
3,179,3,60,80
3,181,1,45,30
3,182,1,25,40
3,182,2,8,20
3,182,1,20,80
3,182,11,3,60
3,183,3,40,60
3,183,2,11,50
4,109,5,6,40
4,109,6,8,60
4,110,4,34,80
4,110,12,3,30
4,111,3,11,10
4,112,2,44,100
4,113,6,2,60
4,113,21,36,80
4,113,4,6,50
4,114,2,120,80
4,114,12,28,100
4,117,6,8,70
4,117,4,14,30
4,117,5,4,40
4,117,3,36,100
4,120,6,9,40
4,120,4,1,0
4,122,11,3,70
4,122,2,140,120
4,123,1,280,100
4,123,3,16,80
4,123,4,28,40
4,123,2,200,60
4,125,6,1,5
4,126,10,8,70
4,127,3,21,10
4,127,4,4,40
4,128,2,80,60
4,128,5,4,15
4,131,1,400,150
4,131,13,6,50
4,131,4,3,5
4,134,6,15,70
4,134,5,18,80
4,134,2,240,100
4,134,6,3,40
4,136,4,26,20
4,136,3,5,30
4,136,1,180,80
4,136,13,1,15
4,137,6,12,60
4,137,3,38,40
4,138,4,4,20
4,138,2,66,70
4,138,1,140,120
4,138,6,11,60
4,141,4,22,30
4,141,3,18,60
4,142,4,19,40
4,142,3,22,60
4,144,2,3,0
4,144,12,18,100
4,144,6,5,15
4,147,3,6,20
4,147,4,44,80
4,147,5,12,40
4,147,1,600,70
4,150,4,15,30
4,150,2,28,60
4,150,4,48,50
4,153,3,180,70
4,153,3,6,20
4,153,2,80,60
4,153,1,360,80
4,155,13,12,100
4,155,9,6,60
4,155,4,8,90
4,156,3,6,5
4,158,9,3,40
4,161,1,200,60
4,161,2,44,40
4,161,1,320,100
4,163,2,160,70
4,163,4,36,40
4,165,1,400,100
4,165,3,8,20
4,167,2,66,40
4,167,4,33,60
4,167,2,42,80
4,171,4,2,10
4,171,1,800,100
4,175,3,12,60
4,175,2,38,40
4,176,4,31,30
4,176,2,140,70
4,176,3,10,50
4,178,4,10,20
4,178,1,1200,60
4,181,2,24,60
4,181,11,12,40
4,183,7,47,60
4,183,18,2,5
5,109,4,2,70
5,113,2,41,60
5,121,4,10,70
5,121,3,4,50
5,125,3,1,60
5,125,3,34,50
5,127,1,4,60
5,129,9,1,80
5,134,6,5,70
5,136,11,1,80
5,140,3,2,40
5,142,16,1,5
5,142,1,4000,100
5,142,4,66,60
5,142,2,400,100
5,145,4,3,70
5,145,1,120,50
5,145,2,18,50
5,146,3,260,70
5,148,1,2000,40
5,148,2,600,40
5,148,4,16,60
5,149,4,17,50
5,150,1,6000,50
5,150,2,2800,50
5,151,1,4800,40
5,151,2,260,40
5,153,1,800,30
5,154,16,1,25
5,155,11,1,10
5,155,4,160,150
5,155,1,3800,60
5,155,2,2600,60
5,156,4,17,40
5,157,3,20,30
5,157,4,102,40
5,157,3,22,30
5,158,3,27,30
5,159,4,120,70
5,159,3,32,60
5,159,4,46,60
5,160,3,40,30
5,160,9,2,30
5,160,5,1,30
5,161,4,46,90
5,161,3,54,60
5,161,2,240,70
5,162,3,180,40
5,162,4,68,50
5,162,5,2,110
5,163,3,70,40
5,163,3,110,50
5,164,4,12,40
5,164,3,68,40
5,164,3,210,50
5,165,4,1,10
5,165,3,280,30
5,166,2,46,40
5,166,3,220,70
5,166,1,16,90
5,167,3,140,70
5,167,4,6,40
5,168,3,110,40
5,169,3,70,50
5,169,2,5,100
5,169,3,140,30
5,170,4,1,10
5,170,3,90,30
5,171,3,200,40
5,172,3,160,40
5,173,3,22,70
5,175,3,12,40
5,175,4,3,30
5,175,3,14,20
5,176,1,70,60
5,176,3,10,40
5,176,3,66,30
5,177,3,7,40
5,177,1,480,70
5,177,3,20,40
5,178,3,26,40
5,179,3,2,40
5,180,3,22,60
5,180,3,14,60
5,182,18,2,20
6,109,3,42,60
6,110,2,16,50
6,110,6,1,10
6,113,21,30,60
6,115,5,1,20
6,117,3,1,40
6,119,3,120,70
6,121,4,4,60
6,121,3,40,60
6,121,3,60,40
6,121,3,22,40
6,122,3,2,10
6,122,3,30,40
6,123,3,18,40
6,123,6,9,60
6,124,3,180,70
6,125,4,9,40
6,126,3,240,70
6,127,3,18,40
6,127,4,5,40
6,127,3,60,70
6,127,3,30,40
6,128,3,25,60
6,133,3,30,60
6,134,3,160,70
6,136,3,40,80
6,137,4,40,60
6,137,3,80,60
6,137,6,4,40
6,139,9,1,10
6,139,4,12,30
6,139,3,40,50
6,141,3,250,60
6,142,3,140,40
6,143,4,26,60
6,143,3,66,60
6,143,3,30,50
6,143,4,12,50
6,145,4,9,30
6,145,3,40,40
6,146,6,1,40
6,146,4,16,50
6,147,4,17,20
6,147,5,1,60
6,149,3,14,40
6,150,3,80,50
6,152,4,120,70
6,152,3,160,70
6,153,9,2,40
6,154,11,4,60
6,156,3,160,70
6,156,4,40,70
6,156,4,140,120
6,156,3,100,120
6,157,4,20,60
6,157,3,70,60
6,158,4,8,40
6,158,3,40,60
6,159,4,16,80
6,161,4,10,30
6,161,3,6,30
6,165,4,12,120
6,166,4,9,40
6,166,3,66,70
6,170,4,1,5
6,170,3,2,5
6,172,2,4,20
6,172,3,2,40
6,175,4,2,40
6,175,3,3,40
6,180,11,21,60
6,180,3,4,40
6,182,7,17,50
7,109,3,68,30
7,109,3,6,20
7,109,3,52,40
7,110,3,120,30
7,110,4,6,30
7,110,5,5,30
7,111,3,42,10
7,111,3,30,25
7,112,3,66,40
7,113,21,42,50
7,113,3,14,30
7,113,3,4,40
7,114,3,3,20
7,114,3,7,20
7,114,3,46,30
7,115,3,58,30
7,116,16,1,40
7,116,5,11,40
7,116,3,48,40
7,117,3,180,50
7,117,2,64,30
7,120,3,21,20
7,120,16,1,40
7,121,3,62,60
7,121,3,100,30
7,123,3,25,60
7,125,4,8,50
7,126,3,18,40
7,126,3,16,30
7,127,3,27,20
7,127,3,67,40
7,129,3,21,60
7,131,3,6,70
7,134,3,38,30
7,135,13,1,40
7,135,3,16,40
7,138,4,36,40
7,138,6,22,40
7,139,4,4,60
7,139,3,120,60
7,139,16,2,50
7,140,3,86,60
7,140,3,62,30
7,142,3,7,40
7,143,4,11,30
7,144,3,8,60
7,149,4,1,50
7,156,4,4,110
7,159,3,12,60
7,159,4,22,90
7,161,4,5,50
7,161,3,2,40
7,162,4,8,10
7,164,3,120,270
7,165,4,19,40
7,167,4,7,40
7,167,3,12,40
7,169,4,1,40
7,170,3,3,60
7,170,4,3,60
7,171,3,2,20
7,172,3,16,70
7,172,4,5,50
7,172,3,26,50
7,173,3,2,30
7,175,4,18,60
8,109,3,6,30
8,109,3,62,70
8,110,5,9,40
8,110,2,16,50
8,110,6,17,20
8,110,4,4,30
8,110,3,46,30
8,110,3,80,50
8,111,3,120,100
8,112,21,26,70
8,113,3,20,50
8,113,3,68,40
8,113,3,8,30
8,114,3,14,20
8,114,3,62,50
8,115,2,7,160
8,117,3,8,40
8,117,9,2,30
8,121,3,9,50
8,121,4,3,50
8,122,3,20,130
8,123,3,9,20
8,123,3,3,50
8,123,6,1,50
8,125,3,2,60
8,127,3,39,10
8,128,3,160,20
8,129,3,60,20
8,130,3,18,20
8,131,4,70,50
8,131,3,90,110
8,131,3,22,40
8,133,9,1,100
8,133,4,5,100
8,133,3,17,120
8,135,3,56,100
8,136,3,45,60
8,136,4,16,60
8,137,3,5,30
8,138,4,3,70
8,138,3,7,70
8,139,4,41,80
8,139,3,230,110
8,139,6,42,220
8,140,4,6,50
8,140,3,140,70
8,143,3,62,90
8,143,4,6,90
8,144,4,7,15
8,144,3,33,70
8,145,3,4,150
8,146,4,3,70
8,146,3,7,70
8,148,4,5,50
8,150,4,5,50
8,156,4,2,50
8,157,3,3,40
8,158,3,9,40
8,159,3,3,30
8,159,4,11,30
8,159,3,5,100
8,160,4,3,80
8,160,3,3,80
8,161,4,3,30
8,162,3,11,20
8,162,4,10,20
8,164,3,23,20
8,164,4,15,20
8,164,4,28,40
8,164,3,4,40
8,168,4,2,30
8,169,4,2,50
8,169,3,2,50
8,170,3,1,60
8,171,2,6,50
8,171,4,2,60
8,172,3,10,50
8,174,3,6,10
8,174,4,4,70
8,176,4,4,60
8,180,11,1,10
9,109,5,13,40
9,109,4,25,60
9,109,3,11,20
9,110,6,4,5
9,110,2,44,100
9,110,3,25,30
9,111,6,2,0
9,111,4,20,50
9,112,5,18,80
9,112,12,3,70
9,112,4,8,10
9,112,3,150,120
9,115,2,0,5
9,115,9,4,30
9,115,5,1,5
9,117,6,42,40
9,117,4,64,80
9,117,3,7,15
9,117,2,80,60
9,117,6,4,40
9,117,3,5,5
9,121,4,18,60
9,121,3,40,30
9,122,2,52,80
9,122,9,6,40
9,124,4,72,20
9,124,2,200,80
9,124,11,4,50
9,126,5,1,0
9,126,3,140,100
9,128,2,66,70
9,128,4,4,10
9,131,9,3,15
9,131,3,14,70
9,133,3,6,30
9,133,6,21,50
9,133,13,6,100
9,135,4,6,70
9,135,10,200,80
9,135,12,36,100
9,135,6,11,20
9,135,5,1,10
9,137,4,25,50
9,137,3,22,40
9,137,2,40,80
9,140,9,5,15
9,140,4,14,30
9,142,2,160,100
9,142,3,36,60
9,142,3,9,30
9,144,6,10,50
9,144,4,56,80
9,144,2,140,100
9,147,2,8,30
9,147,9,4,60
9,147,13,16,80
9,151,4,26,20
9,151,2,180,60
9,154,3,4,5
9,154,3,16,30
9,156,9,6,60
9,156,11,6,40
9,156,4,28,60
9,156,3,11,5
9,156,4,79,40
9,158,9,2,0
9,158,9,1,30
9,158,3,64,70
9,162,2,86,50
9,162,3,26,80
9,162,4,10,20
9,164,3,200,120
9,164,3,32,100
9,167,4,3,5
9,167,2,140,90
9,167,4,16,30
9,171,9,2,50
9,171,2,42,70
9,173,4,54,60
9,173,2,64,80
9,173,3,24,20
9,175,4,6,15
9,178,3,46,80
9,178,4,38,60
9,180,9,4,20
9,180,4,21,50
9,181,4,3,10
9,183,11,14,30
10,109,9,3,60
10,110,3,36,70
10,110,4,1,50
10,110,3,9,60
10,110,5,2,60
10,113,21,30,60
10,113,1,2,50
10,117,6,8,10
10,121,3,90,70
10,121,3,7,70
10,121,6,1,30
10,125,3,70,120
10,125,3,30,20
10,126,6,1,60
10,128,3,220,40
10,128,4,4,40
10,129,3,8,30
10,130,10,12,70
10,130,2,130,100
10,131,1,9,60
10,131,2,8,60
10,139,1,6400,140
10,139,2,1800,140
10,140,4,1,40
10,141,2,2400,60
10,142,6,1,40
10,142,3,2,40
10,142,1,820,80
10,142,2,340,80
10,144,2,1200,90
10,147,2,210,60
10,150,3,16,70
10,150,2,2,10
10,152,2,60,120
10,156,2,18,160
10,157,3,1,40
10,157,4,2,60
10,158,3,7,2
10,158,4,5,5
10,159,3,10,10
10,160,4,3,10
10,161,3,30,20
10,161,4,3,20
10,161,4,16,60
10,161,3,42,60
10,163,4,1,20
10,163,3,26,50
10,164,4,22,60
10,164,3,62,60
10,166,3,80,100
10,168,3,16,40
10,168,3,4,5
10,168,3,7,10
10,170,4,4,40
10,170,3,6,40
10,171,3,12,70
10,176,3,2,60
10,178,3,5,20
10,182,18,2,20
11,109,7,1,10
11,109,4,2,10
11,109,11,3,80
11,110,9,4,60
11,111,2,4,120
11,113,21,18,50
11,121,9,1,80
11,122,6,1,140
11,125,2,20,150
11,125,4,36,150
11,125,5,1,120
11,128,10,32,40
11,130,13,6,170
11,133,2,60,120
11,137,10,46,50
11,138,10,7,60
11,138,2,4,100
11,138,6,12,120
11,138,2,8,120
11,139,16,1,20
11,140,2,640,80
11,142,2,160,220
11,142,1,340,220
11,143,2,5,40
11,144,2,5,10
11,156,1,30,70
11,156,2,60,70
11,157,2,560,60
11,157,4,66,70
11,157,3,180,100
11,158,4,120,60
11,158,3,150,60
11,158,2,340,70
11,159,2,800,40
11,159,3,220,60
11,159,4,180,60
11,161,2,1200,40
11,161,3,140,40
11,161,4,80,40
11,163,3,160,70
11,163,4,100,70
11,163,2,600,70
11,164,3,70,40
11,165,3,24,20
11,165,3,170,60
11,167,3,250,40
11,169,3,140,60
11,170,4,50,50
11,170,3,90,50
11,171,4,70,80
11,171,3,130,80
11,172,2,120,50
11,172,4,2,20
11,172,3,70,50
11,173,4,44,50
11,183,18,1,30
12,109,5,11,80
12,109,11,2,120
12,109,4,16,50
12,110,9,1,15
12,113,21,46,30
12,114,6,10,50
12,114,2,8,60
12,117,2,150,20
12,117,1,70,20
12,117,4,8,10
12,118,1,100,40
12,118,2,66,40
12,118,6,3,20
12,120,2,56,40
12,121,2,130,60
12,121,1,240,60
12,121,4,3,40
12,121,3,4,50
12,122,1,3600,60
12,122,2,600,60
12,123,2,2200,10
12,123,1,800,50
12,124,2,28,45
12,125,1,3600,100
12,125,2,1800,100
12,126,1,4800,80
12,126,2,1600,80
12,127,2,3,50
12,131,2,320,100
12,131,1,240,100
12,132,6,7,100
12,132,2,14,80
12,133,5,3,80
12,133,2,8,100
12,135,1,1,60
12,137,2,86,100
12,137,6,16,30
12,137,6,1,15
12,139,2,320,50
12,141,2,340,40
12,141,4,120,100
12,142,2,22,60
12,143,2,200,30
12,143,1,360,30
12,145,2,12,180
12,146,4,9,20
12,147,4,2,60
12,147,2,400,30
12,147,1,860,30
12,148,1,4800,60
12,148,2,1600,60
12,149,13,3,50
12,149,1,6000,100
12,149,2,840,60
12,150,1,3200,60
12,150,2,1400,60
12,151,4,40,30
12,151,3,1,10
12,151,2,8,180
12,153,1,1600,50
12,153,2,800,50
12,154,2,80,15
12,154,7,1,60
12,155,11,8,100
12,155,4,140,180
12,155,2,360,180
12,155,1,1400,180
12,156,4,180,100
12,156,2,2200,90
12,156,1,3600,40
12,157,4,260,60
12,157,3,150,50
12,158,2,460,60
12,158,1,1600,60
12,158,4,320,60
12,158,3,260,60
12,159,1,50,20
12,159,3,66,30
12,159,4,42,30
12,161,4,56,50
12,161,3,120,40
12,162,2,1800,120
12,162,1,1400,120
12,163,3,7,100
12,164,2,26,200
12,164,2,200,150
12,164,1,120,150
12,165,3,26,30
12,166,2,54,60
12,167,1,120,60
12,167,2,68,60
12,168,3,150,50
12,168,4,42,50
12,169,2,60,100
12,169,3,70,40
12,169,1,80,100
12,170,3,36,10
12,171,3,2,20
12,171,3,120,100
12,172,2,22,70
12,172,3,60,40
12,173,3,40,100
12,174,3,65,70
12,174,1,100,150
12,176,3,80,60
12,177,3,2,40
12,178,3,150,70
12,180,3,8,30
12,182,18,1,10
12,183,18,3,5
1,184,1,800,40
1,184,2,120,40
1,184,9,1,10
1,185,1,250,60
1,185,2,40,60
1,185,3,1,20
1,185,1,3600,40
1,186,9,3,30
1,186,2,44,60
1,186,1,2800,60
1,187,9,1,80
1,187,3,6,40
1,188,2,240,70
1,188,9,1,50
1,188,10,4,40
1,190,2,140,60
1,190,1,2000,60
1,190,3,4,60
1,191,2,34,70
1,191,3,46,60
1,191,6,8,90
1,191,4,2,10
1,192,5,1,60
1,192,6,1,40
1,192,4,3,40
1,192,3,11,40
1,193,4,6,80
1,193,2,18,100
1,194,18,2,40
1,195,2,17,60
1,195,1,7,60
1,196,2,60,70
1,197,3,80,100
1,197,2,10,40
1,197,9,4,110
1,197,2,19,30
1,198,3,150,80
1,198,4,60,80
1,198,1,180,70
1,198,2,60,70
1,198,11,1,30
1,198,3,120,60
1,199,3,160,40
1,199,4,18,40
1,199,12,5,60
1,200,6,1,30
1,200,1,4800,60
1,200,2,640,60
1,201,5,1,40
1,201,6,3,40
1,201,1,3500,70
1,201,2,240,70
1,202,4,13,20
1,202,6,1,10
1,203,1,16,60
1,203,2,44,60
1,204,3,16,40
1,204,1,25,80
1,204,2,8,80
1,205,4,16,60
1,206,3,10,40
1,206,2,9,70
1,207,4,26,70
1,207,3,38,70
1,208,3,6,40
1,208,2,11,60
1,210,4,16,70
1,210,2,70,90
1,210,1,40,90
1,210,9,1,10
1,212,6,7,30
1,212,3,180,50
1,212,4,26,50
1,214,3,4,60
1,214,9,1,100
1,214,6,6,70
1,214,5,7,70
1,214,4,34,60
1,214,3,16,60
1,215,6,19,130
1,215,9,2,50
1,216,13,5,40
1,216,4,32,90
1,217,9,2,40
1,217,3,6,60
1,218,3,4,30
1,218,3,2,20
1,223,4,15,30
1,228,4,66,100
1,229,4,42,60
1,229,3,80,60
1,231,4,1,20
1,232,3,18,40
1,234,4,1,50
1,234,3,19,50
1,237,13,1,40
1,237,3,22,60
1,238,3,1,10
2,184,2,340,60
2,186,2,6,80
2,187,2,5,110
2,187,6,1,60
2,187,10,9,70
2,188,2,48,60
2,188,1,17,60
2,188,5,6,30
2,188,6,5,40
2,188,12,3,120
2,188,10,1,90
2,189,1,1400,70
2,189,2,260,70
2,189,1,6700,60
2,189,2,170,60
2,190,3,11,50
2,190,1,15000,100
2,190,3,13,70
2,191,6,4,80
2,192,1,3500,60
2,192,2,230,60
2,193,1,1200,40
2,193,3,1,3
2,194,3,1,20
2,195,9,1,50
2,195,3,16,40
2,195,1,880,60
2,195,2,420,60
2,197,2,130,40
2,199,2,160,70
2,200,2,90,60
2,200,1,18,60
2,200,6,1,70
2,202,2,3,40
2,203,4,2,60
2,203,4,1,30
2,203,9,1,40
2,203,3,1,5
2,204,1,640,120
2,204,2,150,120
2,206,4,6,40
2,206,3,52,40
2,207,3,34,80
2,207,1,2200,60
2,207,2,640,60
2,207,4,42,50
2,207,3,56,60
2,209,1,520,100
2,209,2,330,100
2,209,5,12,60
2,209,3,16,50
2,211,6,2,60
2,212,4,3,20
2,212,3,18,60
2,212,1,140,50
2,212,2,16,50
2,212,9,3,30
2,213,1,20,140
2,215,13,1,100
2,215,9,4,40
2,215,4,2,30
2,215,6,5,50
2,216,1,90,70
2,216,9,2,40
2,216,9,3,45
2,217,11,3,120
2,218,4,12,100
2,219,10,1,90
2,219,1,44,60
2,219,6,1,40
2,223,6,1,80
2,225,4,6,100
2,225,3,16,100
2,225,1,18,30
2,226,6,2,90
2,227,4,2,70
2,228,3,5,40
2,229,4,54,50
2,229,3,12,50
2,230,3,66,40
2,230,4,8,20
2,231,6,1,40
2,233,3,2,80
2,233,1,36,120
2,234,3,5,40
2,234,3,120,80
2,234,4,36,80
2,235,3,230,40
2,236,1,180,60
2,237,3,160,40
2,238,3,190,40
3,184,5,1,70
3,185,6,10,120
3,189,3,1,30
3,189,4,8,60
3,190,4,3,20
3,190,2,3,10
3,190,6,10,110
3,191,4,7,120
3,195,5,17,140
3,195,2,6,100
3,196,6,4,60
3,196,2,2,40
3,198,4,1,20
3,198,6,6,120
3,198,12,2,30
3,199,6,13,40
3,201,2,11,90
3,203,4,6,80
3,203,9,2,40
3,204,9,1,60
3,206,9,1,40
3,206,6,6,160
3,206,9,2,30
3,206,2,12,5
3,208,6,1,10
3,208,4,2,40
3,209,4,1,30
3,209,6,2,140
3,209,5,40,140
3,211,6,6,180
3,212,9,3,90
3,212,2,5,160
3,213,9,1,40
3,214,13,3,140
3,214,2,25,140
3,214,9,3,60
3,214,6,4,180
3,215,9,3,40
3,216,2,5,60
3,217,1,11,80
3,218,2,23,120
3,219,6,8,140
3,219,9,3,140
3,219,2,6,140
3,219,5,3,140
3,223,6,1,10
3,223,4,1,5
3,225,6,6,10
3,225,13,10,150
3,225,2,8,170
3,225,5,6,170
3,225,6,22,170
3,227,4,6,70
3,227,1,11,120
3,228,4,12,60
3,228,6,3,70
3,228,4,11,40
3,228,1,66,40
3,228,2,11,40
3,228,13,4,120
3,233,4,64,160
3,233,6,12,70
3,233,4,22,50
3,233,3,52,50
3,234,2,3,20
3,234,3,40,60
3,235,3,25,40
3,236,3,80,40
3,236,3,170,30
3,238,3,220,40
3,238,2,4,100
3,238,4,1,20
4,184,6,14,60
4,184,7,52,120
4,187,5,5,150
4,187,6,17,150
4,188,2,80,80
4,188,1,140,80
4,189,4,7,70
4,189,5,4,70
4,189,6,11,70
4,190,2,120,50
4,190,1,360,40
4,190,9,2,30
4,190,1,200,60
4,190,2,60,60
4,191,1,80,250
4,191,6,3,200
4,193,2,2,110
4,194,11,3,150
4,196,6,1,0
4,196,9,3,40
4,196,2,28,110
4,196,1,66,110
4,197,2,9,100
4,198,1,80,120
4,198,2,11,60
4,198,11,5,60
4,199,1,42,90
4,200,11,1,110
4,204,9,1,40
4,204,2,18,50
4,204,6,2,70
4,204,9,1,50
4,206,9,4,30
4,207,9,1,40
4,209,6,2,120
4,212,9,3,70
4,214,1,14,300
4,215,3,2,70
4,217,5,1,20
4,217,6,1,30
4,217,11,6,90
4,217,3,1,20
4,217,6,1,60
4,218,6,23,110
4,218,5,1,110
4,219,12,13,120
4,220,6,1,60
4,223,6,1,40
4,223,6,16,90
4,223,13,7,70
4,226,4,8,80
4,226,13,10,120
4,227,3,3,50
4,227,6,66,60
4,227,1,5,60
4,227,2,28,60
4,227,5,1,60
4,227,13,8,200
4,227,4,26,60
4,227,1,180,240
4,228,3,11,60
4,229,13,5,70
4,229,3,2,40
4,229,4,120,30
4,229,2,15,40
4,230,2,19,40
4,231,2,70,60
4,231,3,17,30
4,231,6,24,70
4,232,6,5,90
4,233,3,5,110
4,234,3,1,10
4,235,4,16,20
4,235,3,40,30
4,235,3,4,40
4,237,3,21,30
4,237,3,9,60
4,238,3,6,30
5,184,2,3,40
5,184,10,5,40
5,185,2,160,50
5,185,1,80,50
5,186,2,25,40
5,186,2,27,30
5,186,6,22,20
5,188,5,2,30
5,188,2,46,50
5,189,2,80,60
5,189,3,1,20
5,189,6,16,30
5,190,2,40,50
5,190,6,5,50
5,190,2,32,60
5,192,6,1,70
5,192,1,26,50
5,192,2,11,40
5,194,6,18,110
5,195,4,17,70
5,196,3,62,40
5,196,4,48,40
5,196,6,22,40
5,197,11,1,30
5,197,4,26,40
5,197,3,32,40
5,197,9,1,40
5,198,4,36,70
5,199,5,3,70
5,201,4,11,50
5,203,3,5,20
5,205,4,1,60
5,206,4,12,120
5,206,13,1,90
5,207,6,10,140
5,207,5,14,140
5,208,3,4,20
5,208,5,1,40
5,208,4,1,40
5,208,3,1,40
5,208,9,3,40
5,209,12,20,60
5,211,3,4,40
5,212,4,8,40
5,212,3,15,40
5,216,3,2,20
5,216,4,24,20
5,216,2,11,30
5,216,6,12,40
5,217,11,4,40
5,217,6,42,40
5,217,1,32,140
5,221,22,1,30
5,221,18,1,60
5,221,22,1,5
5,222,13,2,30
5,223,4,4,70
5,224,6,44,60
5,224,6,9,70
5,227,4,1,60
5,227,3,1,40
5,227,3,44,50
5,228,3,5,30
5,228,6,2,30
5,228,4,7,30
5,228,3,22,40
5,229,4,18,30
5,229,3,18,30
5,230,4,52,100
5,230,3,76,100
5,230,6,40,100
5,231,4,5,40
5,231,3,18,40
5,231,6,1,10
5,232,12,4,50
5,232,4,22,60
5,234,3,1,60
5,234,3,5,40
5,235,3,28,60
5,236,3,5,70
5,236,3,160,40
5,237,3,210,50
5,237,4,4,40
5,237,3,140,30
5,237,4,3,30
5,238,3,10,40
5,238,2,5,50
6,184,3,4,40
6,184,7,8,40
6,184,3,54,60
6,185,5,2,30
6,185,3,11,30
6,185,6,5,40
6,185,2,7,60
6,185,3,60,60
6,185,3,80,40
6,186,3,10,20
6,187,3,20,60
6,187,12,1,0
6,187,6,15,80
6,187,5,6,80
6,187,3,28,20
6,188,3,60,70
6,189,3,40,60
6,190,3,180,70
6,190,2,40,80
6,191,4,1,40
6,191,5,6,40
6,192,3,14,30
6,192,6,10,60
6,192,3,140,60
6,193,6,4,30
6,193,4,8,40
6,193,3,100,40
6,194,3,60,20
6,195,4,15,10
6,196,3,120,40
6,196,4,6,40
6,202,3,3,60
6,205,6,2,40
6,205,3,6,60
6,205,4,1,60
6,205,13,5,60
6,206,5,2,50
6,206,9,4,80
6,206,3,8,80
6,214,9,3,80
6,214,3,7,70
6,216,2,28,60
6,216,3,5,60
6,216,9,2,60
6,217,13,2,100
6,221,9,1,30
6,222,6,4,120
6,222,12,1,140
6,222,7,8,140
6,224,6,1,60
6,226,6,4,40
6,231,6,5,120
6,234,3,8,40
6,235,3,15,60
6,236,3,60,40
6,236,3,28,60
6,238,3,40,80
7,184,3,5,20
7,184,3,2,10
7,185,3,11,40
7,185,9,4,10
7,185,3,7,30
7,186,3,7,40
7,186,3,4,20
7,187,9,2,40
7,187,4,1,40
7,187,3,150,30
7,188,3,29,40
7,188,3,4,30
7,188,5,2,40
7,188,3,19,40
7,189,3,6,20
7,189,3,26,20
7,190,9,2,50
7,190,3,18,50
7,190,4,8,50
7,190,3,19,30
7,191,4,10,50
7,191,3,66,50
7,191,9,4,50
7,191,3,1,20
7,192,3,11,20
7,192,3,7,30
7,192,3,22,30
7,193,3,52,30
7,193,11,22,20
7,194,18,2,50
7,194,3,20,50
7,195,3,28,70
7,195,3,21,70
7,197,4,1,60
7,197,3,26,60
7,197,11,0,40
7,198,3,20,90
7,198,2,6,110
7,200,3,9,30
7,200,4,4,50
7,200,3,3,50
7,204,3,4,50
7,206,3,6,10
7,207,5,2,90
7,207,4,28,120
7,207,3,41,70
7,208,3,1,40
7,209,4,4,50
7,209,3,7,50
7,209,9,3,30
7,209,4,4,30
7,211,4,18,60
7,212,3,25,40
7,214,4,21,20
7,214,3,11,20
7,217,9,2,30
7,217,11,1,10
7,217,10,2,180
7,217,9,2,40
7,220,4,1,70
7,222,4,1,60
7,222,9,1,20
7,226,4,1,80
7,230,4,1,40
7,231,6,8,60
7,231,4,6,60
7,233,3,11,40
7,234,3,5,20
7,234,3,2,70
7,235,3,1,60
7,236,3,15,30
7,236,4,4,30
7,238,3,3,30
7,238,3,3,30
8,184,3,3,50
8,184,3,70,100
8,184,4,2,100
8,184,3,11,30
8,185,3,22,80
8,185,4,3,60
8,185,2,11,120
8,185,4,20,40
8,185,3,32,60
8,186,3,40,50
8,186,2,3,100
8,187,2,50,200
8,187,3,18,200
8,187,4,6,200
8,187,4,2,10
8,188,3,17,20
8,188,2,28,160
8,188,3,45,20
8,189,3,30,100
8,189,3,29,20
8,190,2,32,50
8,190,6,3,60
8,190,3,240,80
8,190,4,32,100
8,191,2,7,40
8,192,2,15,220
8,192,4,12,180
8,193,4,44,80
8,195,4,9,10
8,195,2,46,60
8,195,3,340,60
8,195,6,13,15
8,196,3,60,60
8,196,6,22,90
8,196,2,38,90
8,196,2,13,50
8,196,6,3,50
8,196,3,40,60
8,196,4,2,60
8,197,6,15,80
8,197,2,18,80
8,197,4,23,80
8,197,3,46,80
8,198,3,300,120
8,198,4,2,50
8,198,3,3,50
8,198,6,8,140
8,198,2,57,140
8,202,4,28,140
8,203,4,15,60
8,203,3,34,70
8,203,6,2,90
8,205,2,380,60
8,205,3,340,80
8,205,4,240,80
8,205,5,90,70
8,205,6,130,70
8,207,9,3,20
8,207,3,240,60
8,207,4,180,60
8,207,2,66,120
8,207,6,38,80
8,207,5,16,80
8,211,3,2,50
8,214,4,4,60
8,215,9,1,30
8,215,4,4,50
8,217,9,2,30
8,218,11,2,150
8,220,6,19,60
8,220,13,1,60
8,220,4,1,150
8,222,11,7,90
8,224,4,7,60
8,231,4,2,20
8,232,3,2,20
8,232,4,1,20
8,236,3,2,30
8,237,3,1,30
8,238,3,2,50
9,184,10,5,10
9,184,11,14,40
9,184,6,6,50
9,184,4,26,20
9,185,2,18,70
9,185,6,4,5
9,185,9,4,15
9,187,3,14,60
9,187,4,36,80
9,187,2,140,100
9,189,10,14,50
9,189,7,54,70
9,189,6,27,40
9,191,11,5,60
9,191,9,6,30
9,191,6,14,50
9,191,18,3,10
9,192,7,40,5
9,192,11,16,80
9,192,9,2,20
9,195,2,80,60
9,195,4,4,5
9,195,6,22,40
9,198,5,10,60
9,198,9,3,60
9,198,2,180,100
9,200,4,34,30
9,200,3,14,60
9,200,10,4,20
9,202,12,44,80
9,202,4,19,20
9,202,16,3,5
9,203,3,64,70
9,203,11,2,40
9,203,6,5,20
9,206,13,9,110
9,207,2,120,80
9,207,10,14,20
9,207,4,11,60
9,207,2,200,120
9,210,3,24,50
9,210,6,3,5
9,211,4,46,60
9,211,2,4,5
9,211,3,140,60
9,212,4,2,0
9,212,4,19,40
9,214,3,22,60
9,215,13,4,60
9,215,6,3,5
9,215,4,22,80
9,217,5,12,20
9,217,2,140,70
9,217,3,19,40
9,217,9,6,60
9,217,5,8,30
9,219,2,64,70
9,219,6,6,15
9,219,4,12,60
9,219,3,41,40
9,220,2,120,100
9,220,9,2,5
9,222,11,4,60
9,222,4,22,40
9,224,11,10,60
9,224,2,86,40
9,226,9,5,40
9,226,3,29,20
9,226,9,1,0
9,228,5,2,40
9,228,3,42,70
9,230,3,6,20
9,230,4,36,50
9,232,9,4,30
9,232,13,18,100
9,235,4,12,40
9,235,6,26,80
9,235,2,86,100
9,236,10,8,40
9,236,6,20,60
9,236,4,14,80
9,237,11,3,20
9,237,9,3,5
9,238,3,9,10
9,238,3,5,0
10,184,3,4,100
10,184,11,5,50
10,185,3,2,40
10,185,5,10,40
10,185,4,14,40
10,185,6,15,70
10,185,3,14,70
10,186,3,1,30
10,187,6,12,60
10,187,1,2,60
10,187,3,8,40
10,188,3,8,50
10,189,3,3,20
10,189,5,5,10
10,190,3,3,3
10,191,3,10,70
10,191,5,17,90
10,192,3,1,70
10,193,1,90,120
10,194,5,5,60
10,195,3,32,100
10,195,3,4,40
10,196,3,3,40
10,196,3,46,120
10,196,11,2,30
10,198,3,30,100
10,198,3,17,50
10,200,6,8,130
10,201,3,1,40
10,201,1,2,60
10,203,3,6,70
10,204,4,1,40
10,204,3,130,60
10,205,3,14,15
10,205,3,4,40
10,206,6,3,60
10,207,3,340,70
10,207,2,3,60
10,208,6,1,70
10,208,3,160,60
10,209,6,4,20
10,209,3,36,50
10,210,1,220,80
10,211,2,2600,70
10,211,9,3,60
10,212,12,24,70
10,212,2,4500,60
10,212,5,1,30
10,212,6,5,50
10,213,3,80,50
10,214,1,40,40
10,214,2,320,50
10,215,1,16,10
10,215,9,1,40
10,215,1,8,30
10,215,2,560,70
10,216,3,30,40
10,216,1,120,60
10,217,9,3,40
10,217,6,1,20
10,218,9,2,30
10,218,2,340,60
10,219,1,260,50
10,219,2,120,50
10,220,3,5,20
10,222,6,1,50
10,223,1,640,70
10,223,2,220,70
10,224,4,3,50
10,224,6,26,70
10,225,6,2,50
10,226,6,8,70
10,226,5,1,50
10,226,4,16,80
10,226,4,56,60
10,226,6,4,90
10,226,2,160,100
10,228,4,62,50
10,228,3,54,50
10,229,3,60,70
10,230,3,86,40
10,230,4,22,40
10,231,4,26,70
10,231,6,2,70
10,231,3,130,70
10,231,2,16,60
10,233,3,80,50
10,233,4,3,50
10,233,3,180,40
10,233,4,2,40
10,235,3,20,30
10,236,3,56,50
10,238,3,30,70
11,185,2,1,50
11,185,6,8,70
11,185,5,4,70
11,186,3,1,20
11,186,9,1,60
11,187,9,1,80
11,187,4,2,40
11,188,9,1,0
11,189,2,14,100
11,189,5,1,100
11,189,1,13,40
11,190,2,8,150
11,191,6,9,80
11,191,1,22,150
11,193,2,4,60
11,193,4,4,40
11,195,1,25,50
11,195,11,1,70
11,195,2,6,50
11,195,3,11,40
11,196,6,7,50
11,196,3,7,30
11,197,4,7,40
11,197,3,2,40
11,197,1,250,20
11,197,2,80,20
11,198,9,1,70
11,198,2,120,130
11,199,3,2,40
11,199,1,34,70
11,201,6,10,50
11,202,2,9,80
11,202,3,1,60
11,202,3,7,30
11,202,4,14,30
11,202,6,12,30
11,203,3,23,5
11,204,4,1,40
11,204,3,1,40
11,204,6,9,40
11,204,10,6,10
11,206,6,26,60
11,206,4,29,60
11,207,3,1,40
11,208,3,1,50
11,208,3,16,60
11,210,10,2,5
11,211,5,1,50
11,211,9,3,10
11,211,6,5,20
11,211,3,450,40
11,211,4,60,40
11,211,2,8,50
11,212,5,11,60
11,212,1,120,70
11,212,2,22,70
11,213,3,120,70
11,213,4,44,70
11,213,6,14,60
11,213,4,38,60
11,214,6,7,50
11,214,5,2,50
11,214,2,10,50
11,214,4,14,50
11,214,3,80,50
11,214,9,1,50
11,215,4,25,60
11,215,3,60,60
11,215,6,13,20
11,215,2,14,20
11,215,5,8,20
11,215,1,5,20
11,216,6,8,15
11,216,6,6,50
11,216,2,8,50
11,216,4,16,70
11,216,3,30,70
11,223,13,2,100
11,223,6,6,70
11,223,4,40,50
11,224,3,12,160
11,225,2,6,200
11,225,1,8,200
11,227,4,60,80
11,227,4,24,40
11,227,3,18,40
11,229,4,66,60
11,229,3,150,60
11,230,2,17,40
11,230,3,120,40
11,231,4,54,60
11,232,11,9,50
11,232,4,20,30
11,232,3,280,30
11,233,3,160,20
11,233,2,9,60
11,235,2,7,100
11,235,3,30,70
11,238,3,4,50
12,184,6,9,60
12,184,2,2,60
12,185,10,340,200
12,186,12,1,5
12,187,2,4,150
12,188,7,1,40
12,188,5,1,30
12,188,9,3,150
12,190,2,150,10
12,190,9,2,30
12,190,4,1,20
12,191,9,1,40
12,192,9,2,20
12,195,4,1,80
12,195,2,3,150
12,200,6,2,100
12,201,4,5,100
12,201,2,120,40
12,202,5,1,5
12,202,2,600,70
12,202,1,400,70
12,204,4,1,40
12,205,9,1,30
12,207,6,24,60
12,207,4,2,50
12,207,5,5,60
12,208,3,5,50
12,208,5,1,70
12,209,6,4,180
12,211,6,5,50
12,211,2,15,20
12,212,1,800,250
12,213,9,1,50
12,214,1,200,250
12,216,2,65,300
12,216,1,1400,50
12,216,6,1,30
12,217,1,47,200
12,218,13,12,180
12,222,6,6,100
12,223,2,5,20
12,223,4,2,20
12,223,6,10,20
12,223,13,2,200
12,223,1,2200,180
12,224,2,31,250
12,224,6,12,180
12,224,5,6,180
12,224,4,12,250
12,225,2,60,100
12,225,1,200,100
12,225,4,1,50
12,225,6,35,30
12,225,1,11,30
12,226,5,1,20
12,227,3,5,20
12,227,2,13,20
12,227,1,3600,20
12,227,4,10,150
12,229,2,26,50
12,230,2,33,60
12,231,7,28,50
12,231,6,1,15
12,233,2,12,150
12,233,1,30,150
12,234,1,85,200
12,235,3,150,100
12,236,3,200,80
12,236,3,300,70
12,237,3,250,80
12,238,3,2,20
1,239,3,22,30
1,239,13,22,80
1,240,9,3,40
1,240,4,17,10
1,242,2,46,100
1,242,3,59,50
1,242,4,8,10
1,242,9,5,5
1,245,11,3,60
1,245,6,14,30
1,245,4,28,100
1,247,3,5,0
1,247,2,66,70
1,247,1,180,100
1,247,6,3,30
1,248,13,16,60
1,248,4,13,40
1,249,3,4,50
1,250,2,56,60
1,250,1,180,70
1,253,6,1,5
1,253,3,26,30
1,253,4,16,60
1,254,3,160,70
1,257,2,4,15
1,257,9,4,60
1,258,4,71,40
1,258,3,2,5
1,260,6,4,60
1,260,1,140,80
1,260,4,26,30
1,261,2,66,70
1,261,9,3,50
1,261,3,45,20
1,262,2,80,60
1,262,3,17,10
1,263,4,18,80
1,263,9,6,40
1,263,5,15,20
1,264,1,800,80
1,264,3,6,5
1,264,2,54,70
2,239,4,21,40
2,240,13,18,80
2,240,1,38,30
2,240,2,66,70
2,241,6,5,50
2,241,3,44,100
2,241,1,400,80
2,241,4,9,20
2,242,2,80,70
2,242,9,3,60
2,242,13,9,40
2,245,1,380,50
2,245,5,2,15
2,245,2,120,100
2,247,3,38,30
2,250,2,180,40
2,250,9,2,5
2,250,3,150,60
2,252,1,280,90
2,252,4,14,60
2,252,2,56,80
2,254,3,55,50
2,255,11,4,40
2,255,3,33,30
2,257,6,14,70
2,257,4,3,0
2,258,1,600,100
2,258,3,12,5
2,258,9,4,70
2,258,13,36,90
2,260,2,42,100
2,260,4,21,20
2,260,2,150,80
2,262,3,4,10
2,262,1,460,80
2,262,13,25,60
2,263,9,1,40
2,263,3,62,80
2,263,2,120,110
2,264,1,800,140
2,264,4,3,15
2,264,3,36,50
3,239,3,60,60
3,240,3,40,70
3,241,3,120,40
3,243,3,80,30
3,244,3,260,40
3,244,2,5,60
3,245,4,10,30
3,245,3,30,40
3,247,3,15,20
3,248,3,7,40
3,249,2,11,60
3,249,3,70,40
3,250,2,12,120
3,250,1,80,40
3,250,3,140,40
3,252,4,2,30
3,252,3,200,30
3,254,3,70,40
3,256,3,180,60
3,256,2,30,90
3,257,3,90,50
3,259,4,46,80
3,259,3,60,40
3,259,3,150,60
3,260,13,10,70
3,261,1,180,60
3,261,13,7,90
3,262,2,30,80
3,262,3,140,60
3,263,4,1,40
3,263,2,20,80
3,263,1,240,80
3,264,3,80,40
3,264,1,560,60
4,239,3,17,10
4,240,2,36,70
4,240,4,5,5
4,242,1,180,60
4,242,9,4,40
4,243,5,18,80
4,243,13,22,70
4,243,2,4,40
4,243,3,32,100
4,243,1,31,30
4,244,4,18,5
4,244,3,6,25
4,246,2,120,80
4,246,13,39,50
4,248,4,6,10
4,248,3,14,60
4,252,2,44,80
4,252,9,6,15
4,254,11,4,40
4,254,6,9,60
4,254,3,18,30
4,254,2,84,70
4,255,1,300,100
4,255,4,9,15
4,255,4,45,40
4,256,3,54,80
4,256,3,28,30
4,257,4,32,60
4,257,2,48,100
4,257,9,6,60
4,259,1,600,110
4,259,4,10,40
4,260,2,140,70
4,260,13,16,40
4,260,9,3,15
4,262,1,80,50
4,262,3,22,30
4,262,4,22,100
4,262,2,26,10
4,263,6,5,0
4,264,13,9,60
4,264,1,360,100
4,264,4,57,40
5,239,3,19,15
5,239,4,15,40
5,239,9,4,60
5,240,13,44,80
5,240,6,3,5
5,241,2,36,120
5,241,9,6,30
5,242,13,4,50
5,242,3,120,70
5,245,4,8,40
5,245,1,400,80
5,245,6,12,20
5,245,1,150,60
5,245,2,64,40
5,247,5,25,70
5,247,9,1,50
5,250,13,22,80
5,250,4,3,0
5,250,2,80,60
5,252,4,16,30
5,252,2,28,50
5,252,1,200,100
5,254,9,3,10
5,254,11,2,60
5,257,5,23,20
5,257,4,54,80
5,257,3,4,5
5,259,9,3,50
5,259,4,8,15
5,259,3,36,70
5,260,1,80,60
5,260,2,46,30
5,260,4,39,40
5,262,3,4,0
5,262,1,360,120
5,262,4,2,5
5,263,13,18,100
5,263,2,28,150
5,263,4,33,50
5,264,9,6,60
5,264,13,8,10
5,264,2,66,80
5,264,4,4,10
6,239,3,15,20
6,240,4,8,60
6,240,9,3,40
6,241,2,44,80
6,241,3,8,10
6,243,13,22,100
6,243,4,28,50
6,243,6,5,15
6,243,3,3,0
6,245,2,80,70
6,245,4,12,50
6,245,1,120,90
6,248,6,4,30
6,248,9,1,60
6,248,5,21,40
6,249,3,150,100
6,251,1,16,60
6,251,4,23,30
6,251,13,34,60
6,251,2,6,40
6,253,3,16,40
6,253,2,66,100
6,254,3,5,10
6,256,11,4,70
6,257,4,25,40
6,257,9,4,60
6,257,3,180,80
6,258,5,3,20
6,258,2,48,70
6,261,3,30,40
6,261,4,5,15
6,261,9,2,40
6,261,13,14,70
6,262,2,120,100
6,262,3,34,50
6,262,4,52,80
6,263,6,19,40
6,263,3,2,5
6,264,13,12,60
6,264,3,16,30
6,264,3,150,100
7,239,3,0,40
7,239,4,0,5
7,241,3,0,70
7,241,3,0,60
7,243,9,24,40
7,243,6,2,20
7,244,3,180,100
7,244,5,55,30
7,247,3,3,60
7,247,3,5,80
7,247,11,64,60
7,251,3,36,50
7,251,3,86,100
7,251,4,2,40
7,252,3,8,40
7,252,4,19,60
7,254,13,18,100
7,254,9,4,15
7,254,2,4,40
7,254,4,22,70
7,255,4,8,20
7,255,3,6,5
7,256,2,44,80
7,257,13,27,30
7,257,4,2,60
7,258,3,4,10
7,258,3,56,50
7,260,9,5,60
7,260,6,4,20
7,261,4,28,70
7,261,2,18,90
7,262,13,26,100
7,262,9,3,40
7,262,3,22,70
7,263,9,2,50
7,263,3,200,80
7,264,3,16,40
7,264,4,26,20
7,264,2,54,100
8,240,3,8,40
8,245,3,3,50
8,247,4,12,50
8,248,3,1,80
8,251,4,1,40
8,252,4,1,20
8,252,3,4,20
8,253,3,2,40
8,254,3,5,50
8,257,3,3,70
8,259,3,3,60
8,260,4,8,100
8,260,4,11,10
8,261,3,3,30
8,261,4,1,60
8,261,3,2,60
8,262,3,6,30
8,263,4,4,40
8,263,3,12,70
9,239,4,14,10
9,239,3,6,30
9,241,2,16,50
9,241,4,10,60
9,241,3,26,20
9,242,6,4,5
9,242,4,22,100
9,242,2,80,60
9,243,13,9,30
9,243,3,10,10
9,245,2,2,5
9,245,6,12,70
9,247,4,16,40
9,247,5,14,70
9,247,3,6,20
9,250,9,3,15
9,250,4,6,0
9,250,3,64,100
9,253,3,13,50
9,253,2,42,60
9,254,3,4,15
9,254,9,2,40
9,255,4,18,70
9,257,4,33,20
9,257,4,8,15
9,259,2,42,60
9,260,3,180,150
9,260,6,7,40
9,260,13,3,60
9,261,9,4,40
9,261,2,66,100
9,262,3,6,5
9,262,4,15,100
9,262,2,32,70
9,263,4,3,0
9,263,3,14,10
9,264,13,9,100
9,264,2,36,80
9,264,4,17,70
9,264,3,15,40
10,239,3,13,30
10,239,4,8,60
10,240,9,3,50
10,240,2,62,80
10,242,4,21,15
10,242,2,1,0
10,243,4,22,30
10,243,9,5,20
10,243,13,16,70
10,245,2,36,40
10,245,3,4,15
10,245,1,80,80
10,245,4,9,25
10,247,6,3,5
10,247,4,1,0
10,247,5,19,30
10,250,9,4,60
10,250,3,9,50
10,252,2,18,80
10,252,4,19,40
10,252,3,9,15
10,253,6,9,60
10,253,3,24,40
10,255,4,1,5
10,255,5,13,50
10,255,13,46,100
10,255,1,80,60
10,257,2,44,80
10,257,4,29,40
10,257,9,4,60
10,258,6,3,15
10,260,4,32,40
10,260,3,12,30
10,260,4,3,50
10,261,2,64,70
10,261,6,2,40
10,261,9,1,20
10,263,4,27,40
10,263,11,4,70
10,264,3,120,120
10,264,4,12,60
10,264,2,34,100
11,239,13,4,60
11,239,4,33,40
11,240,6,18,80
11,240,9,3,40
11,240,3,33,15
11,241,3,180,80
11,241,2,64,60
11,241,6,23,20
11,242,3,120,60
11,242,2,44,90
11,242,4,6,5
11,244,4,9,40
11,244,2,100,80
11,244,5,32,100
11,247,6,2,5
11,247,9,4,60
11,247,13,36,80
11,247,4,1,0
11,250,3,120,70
11,250,3,4,40
11,251,4,54,80
11,251,4,2,15
11,253,9,4,70
11,253,2,240,100
11,255,3,72,40
11,255,4,28,70
11,255,11,2,50
11,255,2,62,70
11,257,3,6,15
11,257,5,3,0
11,257,4,44,60
11,258,3,180,100
11,260,3,25,40
11,260,2,80,60
11,260,4,5,40
11,260,9,2,50
11,261,13,26,100
11,261,6,8,60
11,262,1,440,80
11,262,3,2,5
11,263,2,120,80
11,263,4,9,40
11,264,1,600,120
12,239,6,7,30
12,239,13,26,80
12,240,2,140,60
12,240,6,22,40
12,242,3,4,5
12,242,6,9,35
12,242,4,18,60
12,244,13,22,100
12,244,4,18,20
12,245,3,150,80
12,247,2,66,40
12,247,1,180,100
12,247,3,66,50
12,250,9,4,15
12,250,4,44,120
12,250,1,220,100
12,253,2,80,80
12,253,6,4,0
12,254,5,18,70
12,254,4,7,15
12,257,1,380,70
12,257,4,5,20
12,257,2,42,80
12,258,3,6,30
12,258,2,1800,70
12,259,3,62,40
12,260,6,11,30
12,260,1,480,100
12,261,4,9,20
12,261,3,60,70
12,262,2,140,100
12,262,13,9,60
12,262,4,44,70
12,264,1,260,80
12,264,3,21,40
12,264,2,56,80
1,265,3,16,110
1,266,3,5,40
1,267,3,1,10
1,268,3,8,140
1,269,2,2,80
1,270,3,3,20
1,270,3,5,40
1,270,3,60,80
1,271,3,28,30
1,272,3,12,40
1,273,3,90,60
1,274,3,66,40
1,275,3,42,40
1,275,5,4,10
1,275,3,80,70
1,276,3,180,60
1,276,4,28,60
1,277,3,9,10
1,277,5,9,60
1,277,3,54,40
1,278,13,6,40
1,278,5,7,60
1,278,3,70,120
1,278,3,2,40
1,281,4,7,20
1,281,3,22,20
1,283,4,5,30
1,284,3,40,100
1,285,3,33,40
1,286,4,29,30
1,286,6,1,25
1,286,3,140,60
1,288,3,6,30
1,289,3,160,80
1,291,3,90,40
1,293,3,32,80
1,293,9,1,60
1,294,3,8,20
1,294,3,17,40
2,265,3,10,40
2,266,3,18,60
2,266,3,76,40
2,267,4,1,60
2,267,3,140,60
2,267,3,210,80
2,268,2,16,120
2,268,3,180,40
2,269,1,48,70
2,269,3,320,30
2,270,2,5,40
2,270,3,260,30
2,271,3,420,80
2,271,4,8,40
2,273,2,160,100
2,273,3,270,60
2,273,2,60,50
2,273,3,80,70
2,274,2,90,130
2,274,3,150,40
2,275,2,22,60
2,275,3,170,65
2,276,1,36,40
2,276,2,70,40
2,276,3,180,60
2,277,2,46,50
2,277,3,90,60
2,277,3,17,20
2,278,2,25,60
2,278,3,170,40
2,279,3,2,40
2,280,3,1,30
2,283,5,9,90
2,283,6,4,110
2,283,4,16,80
2,283,3,12,80
2,286,5,2,60
2,286,1,26,140
2,286,3,60,70
2,286,6,1,60
2,286,3,18,20
2,287,1,24,60
2,288,9,1,40
2,288,2,4,100
2,288,3,1,15
2,289,3,2,20
2,289,3,11,110
2,290,3,4,10
2,291,3,3,20
2,291,9,4,60
2,291,3,3,40
2,292,5,1,90
2,293,3,9,80
2,294,2,7,40
2,294,3,1,10
3,265,3,80,50
3,266,4,8,60
3,266,3,120,60
3,267,3,60,40
3,268,3,80,40
3,271,3,650,40
3,271,4,13,40
3,272,4,6,20
3,272,3,90,40
3,273,13,9,40
3,273,2,5,120
3,273,4,2,40
3,275,4,29,30
3,275,13,12,60
3,275,3,70,50
3,275,4,460,170
3,275,13,16,170
3,277,13,1,80
3,277,5,2,80
3,277,6,23,80
3,277,2,80,80
3,278,2,44,60
3,278,2,11,40
3,278,1,1,40
3,278,4,8,40
3,278,3,3,40
3,279,5,7,100
3,280,13,4,120
3,282,2,42,40
3,282,6,22,40
3,282,5,1,40
3,282,6,30,60
3,282,5,15,60
3,283,13,8,80
3,283,5,30,80
3,283,6,12,80
3,283,10,9,80
3,284,6,6,20
3,284,2,120,70
3,284,1,20,70
3,284,4,3,60
3,286,4,2,30
3,286,6,1,30
3,286,3,40,40
3,286,2,160,70
3,287,3,18,80
3,288,2,280,90
3,290,2,360,70
3,293,9,4,100
3,294,2,17,40
3,294,2,7,40
4,265,3,42,60
4,265,3,26,40
4,266,3,30,50
4,266,3,18,40
4,266,1,18,30
4,267,3,9,50
4,267,3,39,20
4,268,3,31,20
4,269,3,61,30
4,269,3,43,30
4,270,2,16,80
4,270,3,48,60
4,271,3,35,1
4,271,4,27,30
4,272,2,18,70
4,272,3,52,40
4,272,13,1,90
4,272,3,32,40
4,273,3,4,30
4,273,3,10,40
4,274,4,3,30
4,274,3,21,30
4,274,2,16,70
4,275,2,400,250
4,276,13,13,30
4,276,13,34,180
4,276,3,2,20
4,277,6,35,60
4,277,3,2,40
4,280,6,12,270
4,281,9,2,70
4,281,2,7,200
4,283,5,2,130
4,284,2,9,150
4,285,6,6,90
4,286,3,7,120
4,286,3,1,70
4,287,3,3,80
4,288,3,3,10
4,289,4,23,30
4,289,3,4,20
4,290,1,76,60
4,290,2,11,20
4,290,3,3,30
4,291,9,2,40
4,292,6,1,80
4,292,9,2,50
5,265,3,5,40
5,266,3,3,70
5,266,3,2,60
5,267,3,4,70
5,267,3,32,50
5,268,3,6,40
5,268,4,1,30
5,268,3,24,30
5,269,3,40,60
5,269,3,5,40
5,270,3,18,40
5,270,3,11,30
5,271,3,3,20
5,271,3,43,20
5,271,4,5,40
5,272,3,17,30
5,273,3,25,40
5,273,3,2,70
5,274,3,76,60
5,274,1,12,70
5,275,3,37,60
5,275,3,84,90
5,276,2,5,60
5,276,12,11,50
5,276,4,68,70
5,276,12,9,50
5,276,2,5,40
5,277,2,46,40
5,277,3,360,70
5,277,4,66,70
5,277,6,34,70
5,277,10,7,110
5,278,6,16,50
5,278,4,1,50
5,283,3,1,70
5,283,5,1,70
5,284,4,64,80
5,284,3,2,30
5,285,5,7,40
5,285,4,6,40
5,285,6,1,40
5,285,5,180,60
5,285,3,360,60
5,285,6,80,60
5,285,2,240,60
5,285,4,52,60
5,287,3,280,50
5,287,4,190,50
5,287,3,70,40
5,288,3,120,40
5,288,4,2,20
5,288,3,110,30
5,289,1,1,60
5,289,3,70,30
5,289,3,28,40
5,290,3,3,60
5,291,3,40,40
5,291,4,1,30
5,291,9,4,40
5,291,3,54,60
5,291,3,3,20
5,292,1,150,90
5,292,2,80,90
5,292,3,3,5
5,293,1,240,70
5,293,2,110,70
5,293,3,5,40
5,293,4,4,50
5,293,9,1,60
5,293,1,180,60
5,293,2,120,60
5,294,3,15,60
5,294,2,18,70
6,265,3,260,40
6,265,4,8,60
6,267,3,40,70
6,268,3,120,60
6,268,4,3,40
6,269,3,60,50
6,270,3,12,30
6,271,3,220,40
6,272,4,1,40
6,273,3,320,80
6,274,3,180,40
6,275,6,6,60
6,276,13,7,120
6,276,6,18,100
6,276,3,60,80
6,276,5,14,60
6,276,6,2,40
6,276,4,40,60
6,284,4,22,70
6,284,5,6,70
6,285,5,4,120
6,286,3,14,20
6,287,3,10,40
6,288,3,6,40
6,289,3,80,60
6,290,3,40,80
6,291,3,1,30
6,291,3,70,50
6,292,3,21,20
6,293,3,38,40
6,294,9,2,40
6,294,2,20,80
6,294,3,120,60
7,265,4,16,40
7,267,3,5,50
7,269,4,2,90
7,270,3,1,20
7,270,3,2,30
7,271,3,5,60
7,272,3,1,60
7,273,3,1,90
7,274,3,1,70
7,275,4,2,60
7,276,3,4,20
7,276,4,1,20
7,277,9,5,60
7,277,4,64,180
7,284,3,16,100
7,284,4,42,100
7,284,4,8,90
7,285,4,34,160
7,286,3,46,40
7,286,4,28,40
7,287,3,19,70
7,287,3,4,40
7,288,3,26,80
7,288,9,1,40
7,289,3,31,60
7,290,3,46,40
7,290,3,20,40
7,291,3,32,50
7,291,4,52,20
7,291,3,68,20
7,292,3,10,60
7,292,3,6,20
7,293,3,51,20
7,293,9,2,40
7,293,3,28,50
7,293,9,3,40
7,294,3,76,20
7,294,3,25,40
8,265,4,1,60
8,265,3,70,80
8,265,3,30,120
8,265,3,25,140
8,265,4,12,140
8,265,3,19,60
8,266,9,3,110
8,266,3,42,60
8,266,3,22,40
8,266,5,2,40
8,267,3,25,60
8,267,4,4,60
8,267,3,11,40
8,268,3,180,70
8,268,4,10,60
8,268,6,1,50
8,268,4,4,30
8,268,3,120,90
8,269,4,1,20
8,269,3,240,60
8,270,4,6,30
8,270,3,160,50
8,270,9,3,30
8,270,4,6,40
8,270,3,360,70
8,271,5,29,40
8,271,4,7,50
8,272,3,160,60
8,272,4,15,40
8,273,4,16,70
8,273,4,1,80
8,274,4,4,60
8,275,4,14,120
8,281,3,20,140
8,282,4,2,60
8,282,6,1,40
8,283,4,56,60
8,283,3,18,60
8,286,4,5,40
8,288,9,2,50
8,288,3,26,60
9,265,5,4,40
9,265,3,13,10
9,265,2,26,70
9,266,4,22,50
9,266,3,8,20
9,267,6,3,5
9,267,3,22,60
9,268,3,2,10
9,268,2,38,80
9,270,11,6,15
9,270,4,1,0
9,270,3,11,20
9,270,4,18,70
9,272,2,4,5
9,272,3,7,30
9,273,2,54,100
9,273,13,3,60
9,274,4,1,5
9,274,9,4,40
9,274,13,26,100
9,276,2,12,70
9,276,6,4,50
9,279,3,17,30
9,279,3,64,80
9,280,9,4,60
9,280,4,34,30
9,280,6,36,80
9,282,2,180,100
9,282,5,10,15
9,282,3,42,70
9,284,4,4,5
9,284,2,54,60
9,284,9,3,40
9,286,13,22,100
9,286,1,44,50
9,286,6,18,30
9,288,13,5,60
9,288,4,3,5
9,288,2,86,120
9,291,11,3,40
9,291,6,4,10
9,291,3,15,60
9,291,2,200,160
9,292,4,28,20
9,292,3,5,10
9,293,12,4,60
9,293,9,2,40
9,294,6,15,10
10,265,3,240,40
10,267,3,150,60
10,268,3,90,70
10,268,2,25,70
10,270,3,5,40
10,271,2,22,60
10,272,3,26,80
10,274,3,15,30
10,275,2,260,60
10,277,6,8,200
10,277,1,2,40
10,277,4,1,50
10,277,6,3,40
10,278,5,5,100
10,279,2,5,140
10,280,2,4,10
10,283,2,50,80
10,283,4,22,70
10,284,5,19,60
10,284,4,66,50
10,284,5,6,50
10,285,3,80,70
10,286,3,37,40
10,287,2,7,90
10,287,3,3,10
10,287,4,1,40
10,287,3,10,30
10,288,3,74,60
10,289,3,52,60
10,290,9,2,40
10,290,3,65,20
10,292,3,120,70
10,292,4,66,70
10,292,9,3,80
10,293,3,1,40
10,294,1,12,130
10,294,2,6,130
11,266,3,2,50
11,267,3,1,20
11,268,3,2,40
11,268,3,41,60
11,269,3,6,50
11,270,3,3,40
11,271,3,1,30
11,271,3,5,60
11,272,3,1,20
11,274,2,18,50
11,274,3,8,40
11,277,3,1,50
11,278,6,3,70
11,279,2,12,80
11,283,6,2,60
11,283,4,2,60
11,283,3,24,100
11,284,6,1,80
11,284,5,22,140
11,285,5,13,50
11,285,4,64,50
11,285,3,80,50
11,286,2,2,80
11,286,6,18,70
11,287,3,180,50
11,287,2,140,70
11,287,5,14,60
11,287,2,52,40
11,289,1,30,50
11,289,2,320,50
11,289,3,260,70
11,289,6,4,80
11,290,3,80,60
11,290,2,160,60
11,290,1,56,60
11,291,3,1,40
11,291,2,58,100
11,292,3,1,50
11,292,6,1,40
11,292,2,17,60
11,293,4,42,40
11,293,3,18,40
11,293,2,1,5
11,293,9,2,70
11,293,1,220,80
11,293,2,110,80
12,265,3,0,15
12,266,3,1,10
12,266,3,5,20
12,267,3,4,15
12,267,4,7,30
12,267,4,2,15
12,267,3,2,20
12,267,3,1,5
12,268,1,38,100
12,268,2,8,100
12,268,3,1,10
12,270,3,42,50
12,270,3,37,20
12,272,3,52,15
12,272,3,1,10
12,273,2,33,50
12,273,3,40,40
12,274,3,1,20
12,274,3,25,40
12,275,2,30,10
12,275,2,80,250
12,276,3,120,100
12,278,6,2,10
12,279,3,80,20
12,279,4,5,20
12,279,2,10,50
12,279,1,35,40
12,279,5,2,40
12,279,6,2,50
12,279,4,42,30
12,280,1,180,50
12,281,10,8,70
12,282,6,1,100
12,284,4,42,100
12,284,13,1,70
12,285,1,65,50
12,285,4,30,40
12,285,3,25,40
12,285,3,130,60
12,286,13,4,70
12,286,2,1600,120
12,286,1,4200,120
12,286,4,50,80
12,288,2,400,30
12,288,1,820,30
12,288,3,1,20
12,289,1,6000,30
12,289,2,400,30
12,289,3,40,80
12,290,3,4,30
12,290,2,1200,50
12,290,1,8800,50
12,291,1,5600,30
12,291,2,1200,30
12,292,4,120,80
12,292,2,1400,80
12,293,2,150,30
12,293,4,40,15
12,294,2,150,50
12,294,1,300,50
12,294,9,2,5
1,295,10,1,40
1,295,10,250,60
1,295,1,1200,60
1,295,2,400,60
1,296,5,5,120
1,296,10,5,10
1,297,1,3600,60
1,297,21,24,40
1,298,21,5,60
1,298,21,16,40
1,298,1,32,70
1,299,10,120,70
1,299,2,180,70
1,299,18,2,5
1,299,10,2,20
1,301,21,9,60
1,303,1,60,40
1,303,2,5,40
1,305,3,1,20
1,305,2,13,100
1,306,9,5,90
1,306,3,3,80
1,307,9,4,70
1,307,1,1,60
1,307,3,2,40
1,307,2,1,40
1,309,1,42,80
1,309,2,18,80
1,309,3,2,40
1,310,9,13,5
1,310,1,2800,100
1,310,2,66,100
1,310,3,22,40
1,310,4,5,10
1,311,3,7,40
1,311,9,1,30
1,311,2,14,60
1,313,2,70,60
1,315,2,140,40
1,316,2,80,60
1,317,2,650,140
1,319,1,80,70
1,319,2,240,70
2,297,21,24,40
2,297,7,1,30
2,298,7,1,70
2,301,2,60,150
2,301,21,1,60
2,303,1,20000,70
2,303,1,9000,40
2,303,2,120,40
2,304,1,17000,60
2,305,1,6000,20
2,305,2,200,20
2,305,6,11,40
2,306,3,1,50
2,306,6,1,40
2,307,5,6,110
2,307,4,8,110
2,307,3,12,110
2,307,3,2,50
2,308,9,1,45
2,308,1,90,120
2,308,3,14,120
2,313,1,25,70
2,315,1,3,50
2,318,11,8,160
2,319,7,15,120
2,319,10,130,150
3,296,21,3,60
3,297,7,1,80
3,297,21,16,50
3,297,21,3,90
3,298,21,2,70
3,298,21,1,40
3,299,10,2,40
3,301,9,3,30
3,301,12,12,120
3,301,21,8,90
3,302,12,2,20
3,303,21,2,60
3,303,11,1,160
3,304,5,1,10
3,306,9,1,40
3,310,2,42,70
3,311,4,1,80
3,319,2,16,60
3,319,11,10,40
4,296,10,2,3
4,297,10,4,50
4,297,21,21,30
4,298,21,4,40
4,301,21,26,50
4,304,6,2,80
4,304,2,56,70
4,304,1,120,70
4,306,5,5,60
4,306,5,7,50
4,306,6,11,100
4,306,4,1,100
4,309,1,800,250
4,309,2,240,250
4,310,1,4000,300
4,310,2,1200,300
4,312,1,8000,40
4,312,2,3400,40
4,313,1,2600,30
4,313,2,1800,30
4,314,9,2,50
4,315,2,7,90
4,316,12,24,120
4,317,6,5,90
5,295,10,1,20
5,297,21,15,30
5,297,21,22,30
5,297,7,1,40
5,298,21,9,40
5,299,11,1,50
5,301,21,14,60
5,304,11,3,110
5,305,4,14,70
5,306,1,1,250
5,306,5,3,250
5,306,6,1,250
5,312,1,800,350
5,315,10,1,5
5,318,11,2,60
5,319,2,20,70
5,319,12,1,20
5,319,12,6,60
5,319,11,2,30
6,295,3,16,50
6,295,2,4,60
6,295,2,14,70
6,297,12,1,100
6,298,21,6,60
6,301,3,4,60
6,301,21,15,70
6,302,3,22,100
6,303,3,10,60
6,305,9,1,5
6,305,9,8,50
6,306,9,6,70
6,306,3,26,80
6,307,3,4,60
6,308,9,5,50
6,309,2,11,40
6,309,3,42,20
6,310,3,240,70
6,310,3,1,40
6,313,3,2,50
6,313,3,2,5
6,315,12,7,200
6,318,10,2,50
6,319,10,70,140
6,319,7,54,70
6,319,11,6,70
7,295,3,2,10
7,295,3,5,40
7,295,3,5,30
7,296,7,1,40
7,296,3,44,40
7,296,21,2,70
7,297,3,38,60
7,297,3,2,50
7,297,21,12,40
7,297,3,5,40
7,298,3,1,20
7,298,21,8,40
7,298,3,6,40
7,299,7,2,70
7,301,3,56,30
7,301,3,1,20
7,301,3,5,20
7,301,11,2,40
7,302,3,12,20
7,302,3,160,30
7,303,3,82,20
7,303,3,26,20
7,304,3,11,10
7,304,3,1,20
7,304,3,3,20
7,305,3,1,40
7,305,6,14,50
7,305,3,3,60
7,305,5,1,50
7,306,3,44,20
7,306,6,3,20
7,306,5,1,20
7,306,3,36,60
7,307,3,56,20
7,307,3,42,30
7,308,3,6,40
7,308,3,62,10
7,309,3,28,20
7,309,3,2,70
7,309,3,15,20
7,310,3,1,30
7,310,3,31,40
7,311,3,34,20
7,314,3,42,50
7,314,9,4,10
7,314,2,9,30
7,316,3,7,5
7,316,9,3,60
7,318,16,1,10
7,319,10,282,70
7,319,7,27,70
7,319,7,37,70
8,295,3,12,40
8,296,10,240,70
8,297,3,44,60
8,297,21,18,80
8,297,3,2,10
8,297,7,3,40
8,297,3,36,60
8,298,10,12,50
8,298,3,18,30
8,298,21,4,60
8,299,3,30,80
8,299,3,4,50
8,301,3,2,30
8,301,3,6,40
8,301,3,10,50
8,302,3,25,20
8,302,3,8,60
8,302,3,42,20
8,303,3,39,30
8,303,2,8,40
8,303,3,28,50
8,304,9,3,60
8,304,3,22,40
8,304,2,6,70
8,305,3,60,40
8,305,3,48,60
8,306,3,80,70
8,306,2,3,40
8,307,3,26,60
8,307,9,4,0
8,308,3,160,40
8,309,3,100,60
8,309,3,120,40
8,309,2,8,90
8,315,3,4,10
8,317,11,2,80
8,318,10,60,120
8,318,11,3,20
8,319,3,30,80
8,319,7,13,40
8,319,3,8,40
9,295,7,50,40
9,295,3,4,5
9,295,21,4,70
9,296,10,6,40
9,296,2,22,60
9,296,10,3,20
9,297,11,2,5
9,297,3,16,40
9,297,21,16,60
9,297,7,44,80
9,297,10,14,50
9,297,11,14,30
9,298,3,1,0
9,298,10,10,20
9,298,12,18,70
9,298,21,3,30
9,299,2,180,100
9,299,3,10,10
9,299,10,9,50
9,299,6,3,30
9,299,10,1,0
9,300,11,6,70
9,301,5,12,60
9,303,9,6,60
9,303,3,30,40
9,306,2,120,70
9,306,6,4,30
9,306,4,3,0
9,309,5,10,50
9,309,9,2,60
9,309,2,86,100
9,309,3,22,60
9,312,3,23,10
9,312,6,7,40
9,313,3,36,15
9,313,2,180,100
9,316,4,23,40
9,316,3,2,0
9,317,4,15,60
9,317,6,26,80
9,319,5,1,5
9,319,11,18,30
9,319,10,6,80
9,319,8,4,50
10,296,3,1,2
10,297,3,7,10
10,298,21,2,80
10,298,3,3,40
10,298,21,22,16
10,298,3,5,50
10,298,3,9,60
10,301,21,12,70
10,302,3,6,40
10,303,3,2,30
10,306,3,14,70
10,308,6,18,80
10,308,4,4,80
10,308,3,2,80
10,309,3,52,100
10,310,3,12,70
10,312,1,7,50
10,313,1,32,68
10,313,3,4,60
10,316,9,2,15
10,319,3,7,80
10,319,7,4,100
11,297,10,7,70
11,297,16,2,15
11,298,21,1,40
11,298,18,1,50
11,298,1,140,80
11,301,2,15,120
11,301,21,12,60
11,301,1,240,50
11,304,9,1,30
11,308,5,4,80
11,309,2,18,40
11,309,5,14,60
11,309,6,52,60
11,309,9,5,70
11,309,9,1,70
11,310,9,3,20
11,310,1,2100,40
11,310,2,60,40
11,314,1,30,70
11,314,2,80,70
11,315,1,120,30
11,315,2,25,30
11,316,12,37,100
11,316,2,5,130
11,319,2,30,60
11,319,7,28,60
11,319,1,240,50
11,319,2,130,50
11,319,18,1,30
12,295,21,2,80
12,297,21,2,100
12,297,7,1,5
12,297,21,8,80
12,298,21,2,150
12,298,2,26,60
12,298,9,1,70
12,299,2,160,200
12,300,11,5,180
12,301,21,35,150
12,304,9,4,120
12,305,2,32,80
12,307,3,2,40
12,309,9,1,40
12,310,4,1,70
12,310,2,14,80
12,311,2,6000,50
12,311,1,3400,50
12,318,11,8,150
12,318,7,24,100
12,319,18,2,5
12,319,7,3,10
1,320,16,1,80
1,320,9,1,10
1,320,7,34,20
1,320,9,5,40
1,321,2,16,80
1,321,7,12,20
1,322,7,2,15
1,322,7,2,10
1,322,9,2,40
1,323,10,2,40
1,323,2,250,60
1,323,1,120,60
1,325,2,4,80
1,325,1,120,140
1,327,9,3,20
1,328,1,80,120
1,328,2,60,120
1,330,2,110,40
1,331,4,4,60
1,331,6,6,80
1,331,2,130,110
1,331,9,5,10
1,332,4,18,40
1,332,3,2,40
1,334,1,180,70
1,334,2,40,70
1,334,3,130,60
1,334,3,90,100
1,335,6,8,60
1,335,1,60,70
1,335,2,40,70
1,335,3,36,40
1,336,2,130,60
1,336,3,26,40
1,337,4,4,60
1,337,3,44,40
1,337,9,3,5
1,338,6,4,60
1,338,9,3,40
1,338,2,46,70
2,320,23,2,40
2,320,7,1,20
2,321,9,1,30
2,321,10,52,40
2,322,7,36,60
2,322,10,12,70
2,322,7,30,90
2,324,10,80,70
2,325,9,2,40
2,325,10,6,50
2,326,6,2,60
2,326,9,1,30
2,327,1,60,140
2,330,4,16,130
2,330,6,13,130
2,330,2,18,70
2,332,9,1,40
2,333,2,130,100
2,333,1,24,160
2,334,4,9,70
2,335,4,16,110
2,335,9,2,80
2,335,3,2,60
2,336,3,12,40
2,337,9,2,60
3,320,9,1,60
3,320,7,36,60
3,321,7,1,20
3,321,7,12,90
3,322,7,3,60
3,323,7,2,50
3,326,9,2,50
3,332,6,4,60
3,337,9,2,40
3,337,4,2,60
4,321,9,2,0
4,321,18,2,10
4,321,9,3,10
4,322,11,3,60
4,322,9,1,50
4,323,2,2,30
4,324,7,12,80
4,325,1,3400,60
4,325,2,1600,60
4,326,1,6800,40
4,326,2,2400,40
4,326,9,2,30
4,331,1,150,60
4,331,2,40,60
4,331,6,9,120
4,334,2,160,40
4,336,1,320,50
4,336,2,210,50
4,336,6,4,60
4,338,2,52,150
5,320,7,9,20
5,320,1,1,40
5,320,7,1,30
5,322,1,1,20
5,322,7,95,10
5,322,11,7,30
5,324,12,19,200
5,325,12,12,80
5,325,12,9,10
5,325,12,22,20
5,326,10,800,70
5,328,12,12,100
5,328,2,80,150
5,329,1,400,20
5,331,9,4,10
5,335,6,8,110
5,335,5,2,110
5,335,2,9,120
5,336,2,10,0
5,337,1,2200,200
5,337,2,660,200
5,338,1,6000,100
5,338,2,3200,100
6,320,8,2,60
6,320,7,3,20
6,320,7,1,30
6,322,9,5,50
6,322,9,3,70
6,322,7,3,60
6,322,10,360,100
6,323,7,6,50
6,323,8,4,60
6,324,10,60,80
6,324,10,1,40
6,325,3,2,50
6,330,5,9,140
6,331,3,50,60
6,331,3,2,50
6,333,5,1,160
6,334,3,1,0
6,335,3,14,90
6,336,3,10,110
6,337,5,3,50
6,337,6,9,50
6,337,3,24,60
6,337,3,30,50
7,320,23,1,30
7,322,7,4,10
7,323,7,9,50
7,325,9,5,20
7,326,3,22,80
7,331,3,9,70
7,332,3,26,40
7,332,3,4,30
7,333,6,4,120
7,333,3,2,40
7,334,3,3,40
7,334,3,3,30
7,335,3,66,120
7,335,5,2,90
7,335,3,42,80
7,336,3,6,30
7,337,4,8,50
7,337,3,6,50
8,322,11,4,50
8,322,7,28,10
8,322,3,3,30
8,322,7,2,10
8,323,10,7,40
8,323,7,12,50
8,323,3,13,5
8,323,7,33,20
8,331,4,7,40
8,331,3,6,40
8,332,2,10,140
8,334,3,64,60
8,334,3,4,40
8,336,3,25,70
8,338,3,9,50
9,320,23,3,15
9,320,10,3,5
9,321,7,69,30
9,321,11,1,5
9,322,9,3,60
9,322,12,28,100
9,322,7,66,80
9,323,10,8,40
9,323,8,18,20
9,323,7,46,80
9,324,10,320,80
9,324,9,1,10
9,326,6,4,60
9,328,4,36,40
9,328,5,16,100
9,330,9,6,60
9,334,6,9,30
9,334,2,240,150
9,336,4,9,50
9,336,9,3,20
9,337,6,14,60
9,337,5,22,80
9,338,4,6,15
10,320,11,2,120
10,321,18,2,10
10,321,3,2,50
10,322,1,7,120
10,322,3,18,120
10,322,11,2,60
10,322,3,13,40
10,322,9,2,40
10,323,2,13,50
10,323,7,22,50
10,324,10,3,60
10,326,2,13,150
10,333,6,3,120
10,334,1,3,60
10,335,5,5,110
10,336,3,76,80
10,336,3,11,5
11,320,1,80,30
11,320,12,1,10
11,320,7,46,40
11,321,7,6,50
11,321,1,60,200
11,321,2,20,200
11,321,11,9,220
11,322,2,5,130
11,323,1,240,30
11,323,2,130,30
11,324,11,4,250
11,324,12,42,20
11,324,11,4,70
11,324,7,46,100
11,325,2,26,40
11,325,11,11,40
11,325,9,3,70
11,330,5,12,130
11,330,2,30,130
11,330,6,4,130
11,330,9,3,70
11,330,9,1,50
11,331,9,2,60
11,335,10,160,200
11,335,6,1,40
11,336,2,220,150
11,338,9,1,50
12,320,7,3,80
12,320,7,32,50
12,320,2,46,30
12,321,11,10,40
12,321,12,14,80
12,321,9,1,30
12,322,7,30,20
12,322,18,2,10
12,323,2,32,15
12,323,7,1,10
12,324,8,3,10
12,324,7,3,10
12,324,8,4,15
12,326,6,2,70
12,326,10,250,120
12,330,6,2,10
12,330,5,3,250
12,330,6,12,250
12,330,9,2,250
12,333,2,20,150
12,333,1,200,180
12,336,6,4,70
12,337,9,1,20
