"","mean","se_mean","sd","2.5%","25%","50%","75%","97.5%","n_eff","Rhat","posteriors.signs"
"betas[1]",-2.01979058776131,0.00339234237776052,0.0880618859026752,-2.18390774034118,-2.07977492535805,-2.02032801728269,-1.95729964872904,-1.8550079051838,673.870754125177,1.01014449181762,1
"betas[2]",0.0569924034954816,0.00281099341296577,0.0830912823307286,-0.105186886901509,0.00374363695902038,0.0546667458542649,0.111972303759349,0.224590780543017,873.75820490353,1.00187952777194,0.967333333333333
"betas[3]",0.112865083679575,0.00195226466841376,0.076728618443286,-0.0424288755170381,0.0637848606043011,0.116743941332095,0.166325371747314,0.25704125937149,1544.67588930602,0.99952814461186,0.868666666666667
"betas[4]",-0.114954716932996,0.0033677411051738,0.0931916331007057,-0.302091821941055,-0.176319232203385,-0.114694776295278,-0.0472088105915246,0.0534417413960621,765.731387588582,1.00352937946487,0.829333333333333
"betas[5]",-0.399447149026878,0.00278026285610969,0.0996045661113576,-0.591558712280479,-0.465516055741367,-0.401716398413167,-0.328999984015939,-0.205422336395094,1283.47312914475,0.99911350166708,0.984666666666667
"betas[6]",-0.213162153391893,0.0139079722611611,0.31370103374085,-0.820390687195213,-0.423945277451197,-0.217150967037408,0.00308092228540203,0.368085899224626,508.749819330609,1.01038491006557,0.982666666666667
"betas[7]",-0.653274576601988,0.0242073922096594,0.664235373997241,-1.91093730379373,-1.10289440620235,-0.646117376932907,-0.227301677284512,0.766690860325094,752.918532740794,1.00461038709905,0.798
"betas[8]",0.11269452839626,0.00270757376576371,0.0908704272747755,-0.0640303684561931,0.0539509959762434,0.110832582050772,0.176014428587012,0.289963019227233,1126.3790008199,0.999243440832131,0.996
"betas[9]",0.0464644195264848,0.00191182408510774,0.0662467140814824,-0.0877776944235714,0.00349378092010316,0.0473609683629264,0.091701288182576,0.169290026470742,1200.69534284968,1.00340575176842,1
"betas[10]",0.434013025319825,0.0138253275995564,0.328636510175539,-0.189980821990821,0.206340486202071,0.437873644343845,0.658379290006394,1.08780454270017,565.042036234519,1.00526920646333,0.908666666666667
"betas[11]",-0.104845657055352,0.0124194109763312,0.309031060408031,-0.732522679719581,-0.316414776908301,-0.0865747590712861,0.0971590202270496,0.486747083236558,619.159109213285,1.00945285167393,0.999333333333333
"betas[12]",0.175424647028862,0.0156572795318947,0.355893463608377,-0.524418153456463,-0.0596796007279971,0.174519590832665,0.432416568328266,0.846787049511895,516.663061656162,1.01254278944613,0.999333333333333
"betas[13]",0.611598229527736,0.0243068679316278,0.669442940939099,-0.835798141554709,0.188040804843842,0.603068776504349,1.07235394194804,1.8449088475416,758.523657044333,1.00434418256164,0.774666666666667
"betas[14]",0.226306049571039,0.00882024085881733,0.222322267168483,-0.209692826871642,0.0750720030417593,0.222494534588823,0.375585721956628,0.677828751291122,635.338298455565,1.00652283371455,0.66
"betas[15]",-0.381672281973415,0.0102726927193109,0.270634117084138,-0.908183551553659,-0.571587544721113,-0.376044843622534,-0.193971311902691,0.121387242818478,694.059165506909,1.00392889395317,0.741333333333333
"betas[16]",0.0575024427356198,0.00225633198760128,0.0685358514322642,-0.0824552341469854,0.0124979087721045,0.0590689545326634,0.104575084981064,0.187987284023901,922.634359981422,1.0024820626787,0.802
"betas[17]",0.00917017681012998,0.00132189132816425,0.0447839064914248,-0.0789886267222775,-0.0194653030644833,0.0102032946039159,0.040031867400928,0.0972407852812231,1147.76358430716,1.00087747355252,1
"betas[1]",-1.52933256977785,0.00191985857417289,0.0650573261415616,-1.66096132390677,-1.57376991326589,-1.53121778411961,-1.48476279115957,-1.40182507695724,1148.2962437356,1.00040674695981,1
"betas[2]",0.0384727859653124,0.00190871891501805,0.0613601148239097,-0.0822913333710265,-0.00359887615261338,0.038014416885052,0.0820670751212904,0.157722335997081,1033.44738980478,0.999780456440792,0.967333333333333
"betas[3]",0.0568377937614397,0.00170487016631586,0.0576347181342727,-0.0538583362411278,0.0176202504260296,0.0573459768554546,0.0957201554073795,0.163971043712111,1142.8407696247,1.00247759213557,0.868666666666667
"betas[4]",0.0298304209316341,0.00174187296997883,0.060648877040111,-0.085137935352828,-0.0118915414221332,0.0287573686855403,0.0722978505551048,0.143781100724363,1212.30687520914,0.999435664647977,0.829333333333333
"betas[5]",-0.272874948562796,0.00151792647473812,0.0616655861187885,-0.393899029082244,-0.315064476044211,-0.273111963820335,-0.230208275181938,-0.156926925755793,1650.38115515925,1.00068178920332,0.984666666666667
"betas[6]",-0.0577535190658092,0.00898545863414408,0.231616905636192,-0.507745370122175,-0.217396056777359,-0.0569470784911688,0.100335600243602,0.401796251938116,664.446490736288,1.00069306252758,0.982666666666667
"betas[7]",0.252673189486006,0.0147698668357245,0.517657126778734,-0.734839261808794,-0.100972119173416,0.252350515483234,0.611134196261066,1.27348527311953,1228.37575347932,1.00317378575438,0.798
"betas[8]",0.165084917315804,0.00180950235571879,0.0638515213515775,0.0420171278996084,0.122559807899569,0.166704024046207,0.208798431796369,0.288218722025974,1245.15722560256,1.00308489991096,0.996
"betas[9]",0.0436268177055449,0.00115410514736598,0.0473039299461152,-0.0524715030608664,0.0136648572714864,0.0442271900457344,0.0760840764977338,0.133966530346824,1679.97836807554,1.00118238681532,1
"betas[10]",-0.147125496076357,0.00901314944845427,0.236270008550506,-0.611751016939586,-0.297335036959055,-0.157342339394497,0.0136842425652954,0.307412157254699,687.169776042209,0.999986254696331,0.908666666666667
"betas[11]",-0.115135901850836,0.00831694848350726,0.245782245353162,-0.590507818841619,-0.277830290597629,-0.121660888819632,0.0574710797939088,0.364290759939522,873.31916736217,0.999409476235426,0.999333333333333
"betas[12]",0.174729812507519,0.0107575386116547,0.280288722973198,-0.370775633491946,-0.0223498221151357,0.176423084968178,0.372836483168762,0.719427197191312,678.868132795961,0.999124319733962,0.999333333333333
"betas[13]",-0.309100252953585,0.0149580047808241,0.524396422033559,-1.33498981628727,-0.666547105829672,-0.296214754376133,0.0421269585166129,0.69940741728894,1229.05722535536,1.00350040360937,0.774666666666667
"betas[14]",-0.0149558254397383,0.00640372330985339,0.16619415627274,-0.342118401060411,-0.129362722228262,-0.0139781547546679,0.0978193103665418,0.304174497108493,673.54463391286,1.00069429843575,0.66
"betas[15]",0.237316343590543,0.0073746918558359,0.195489186442183,-0.14088724965812,0.108211994228021,0.243971335000613,0.367099132952046,0.613781076999074,702.680208574297,1.00034753699039,0.741333333333333
"betas[16]",0.234671956413116,0.00135721884716164,0.0469885424685942,0.143179132059174,0.203686320597585,0.235157241287759,0.265193505504332,0.325810307068678,1198.62735257141,0.999548227265528,0.802
"betas[17]",-0.0525137976731534,0.000801685592973271,0.0313813759222728,-0.114434691882345,-0.0737370491609047,-0.0522714856936364,-0.0306878588452645,0.0110062362955547,1532.271785563,0.998908809173915,1
"betas[1]",-0.622744578956452,0.00188253400397694,0.0565617692930476,-0.732177776501012,-0.658424327104411,-0.623238038157695,-0.584610547218119,-0.511322674831633,902.735066817898,1.00025913149628,1
"betas[2]",-0.0795103854035065,0.00168005943920969,0.0496178170456827,-0.174254175557485,-0.113740127564344,-0.0801806545074225,-0.0469051128815037,0.0243058501105361,872.219943750635,1.0013450754261,0.967333333333333
"betas[3]",0.0696869179052135,0.00141326916077064,0.0505167415974722,-0.0328303386626195,0.036227741293389,0.0714691587497105,0.105845064232247,0.162348870636566,1277.67646726968,0.998486481773481,0.868666666666667
"betas[4]",0.0912949489879957,0.00190215609245037,0.0428050449245471,0.0105072045955665,0.0615968199906944,0.0917654516966639,0.120157674167593,0.174938521200641,506.404561676855,1.00510924912541,0.829333333333333
"betas[5]",-0.611991248960896,0.00196756157628013,0.0706668358288987,-0.753628755736071,-0.658604091342748,-0.609450563201698,-0.565956436732208,-0.478809183543344,1289.95519545845,0.999411203518854,0.984666666666667
"betas[6]",0.660956932568612,0.00932957833169908,0.189041536471712,0.297371427721528,0.533663416998222,0.658255727170934,0.78691634856341,1.03972021796863,410.573056788622,1.0049006536913,0.982666666666667
"betas[7]",0.0428361972655905,0.0136143877379949,0.371337265642118,-0.677738115646194,-0.196878196944268,0.0280602875399268,0.287610282991008,0.790929173748623,743.945018346437,1.00205470492588,0.798
"betas[8]",-0.187331005404283,0.00168222204083071,0.0564092087767538,-0.300991509061536,-0.223941690073927,-0.186063803115374,-0.149830961055528,-0.0789667933418698,1124.43247088918,0.998976554569032,0.996
"betas[9]",0.0603813412714623,0.00131435254030639,0.0455407133549467,-0.0279597532781877,0.0290821486677102,0.0599082638211401,0.0916814457999836,0.149789239677393,1200.538026319,0.99953940255477,1
"betas[10]",-0.447232662842988,0.00910654103660395,0.194944748212193,-0.832506925789121,-0.580359908639008,-0.445718125541077,-0.314602906872431,-0.0636385133622396,458.264464439301,1.00848518095937,0.908666666666667
"betas[11]",0.566197583411963,0.00776357262860264,0.183474129759779,0.197349258862613,0.443506863580727,0.568451615065503,0.690479238153286,0.91313209918068,558.504186010769,1.00491996226441,0.999333333333333
"betas[12]",-0.245835151442188,0.0106792010315035,0.206927411980351,-0.628768408601157,-0.391597760696289,-0.24718130238442,-0.105357520576189,0.151616225741917,375.455549780365,1.00692992318807,0.999333333333333
"betas[13]",0.0334989086774861,0.0135701180347434,0.372815411287515,-0.737351342834328,-0.204155045353651,0.0476434372614658,0.275955095758632,0.766382237805945,754.7801376675,1.0020298909807,0.774666666666667
"betas[14]",-0.288637577989095,0.00639715856419734,0.144753801550787,-0.569193552415571,-0.385146164685338,-0.286556221155584,-0.18859243863405,-0.0110644525154125,512.018584939167,1.00160860741529,0.66
"betas[15]",0.19938687950846,0.00673998527339136,0.159329599679705,-0.121595775513148,0.0886457149692417,0.193455145503473,0.305630494267345,0.50596716757777,558.823980768081,1.00789701367937,0.741333333333333
"betas[16]",-0.287889450489555,0.00115813320171214,0.0412426736812023,-0.363948933551296,-0.315838688746223,-0.28837405709086,-0.258731808298088,-0.208858388890149,1268.16744248811,1.00097399043299,0.802
"betas[17]",-0.126853456448779,0.000825392499708041,0.0295361472807476,-0.18360545550551,-0.146564574471034,-0.127127077535573,-0.107568014536543,-0.068758219246585,1280.5208480745,1.00511213572571,1
"betas[1]",-2.00105543540313,0.00237714730670475,0.0775337262930155,-2.15474908620935,-2.05238841343483,-2.00168416951879,-1.95068992659049,-1.85376622937836,1063.82238337517,1.00010174137145,1
"betas[2]",0.161579573746352,0.00221581710951272,0.0767455448134344,0.00943166180933256,0.108645216921666,0.161903238784316,0.213199606155751,0.31062756069907,1199.60570924789,0.999355767682219,0.967333333333333
"betas[3]",0.0312309732776478,0.00238734091550609,0.0848897933272077,-0.137328479974872,-0.0274148200902512,0.0358461091784997,0.0897006070028441,0.198394606135004,1264.39296256377,1.00080630732786,0.868666666666667
"betas[4]",-0.00898346636778547,0.00179305697697252,0.0596808019922603,-0.127672470821293,-0.0498517340922014,-0.00878175188101332,0.0295379955339631,0.114914912897756,1107.85040525598,1.00050668242305,0.829333333333333
"betas[5]",-0.376032575071508,0.00289598115829666,0.100489263076769,-0.582431293844595,-0.441451912206736,-0.373796288981141,-0.307375368133644,-0.183525759011283,1204.05925128801,1.00060736730068,0.984666666666667
"betas[6]",-0.115339912350465,0.0106637541017342,0.267447834015789,-0.645339571551857,-0.294671971316879,-0.110489884832737,0.0668567427740473,0.401145599104187,629.0105447196,1.00542956010889,0.982666666666667
"betas[7]",1.36472706576142,0.0211481969927301,0.662655459582456,0.0656486631621821,0.900894863465584,1.38123167676981,1.803914731878,2.68624890050844,981.81319981395,0.999495051869227,0.798
"betas[8]",0.103225178710673,0.0020272591193151,0.0866895633989341,-0.0730209344091887,0.0430829882445592,0.102835592515027,0.160177523753327,0.273355710826391,1828.58480240152,1.00107102048292,0.996
"betas[9]",-0.126519815718657,0.00266957936034938,0.103864093611638,-0.336867753752858,-0.193749916731155,-0.126115557496636,-0.0532471997683991,0.0662884850603477,1513.71878029917,1.00076563888807,1
"betas[10]",0.499779529048172,0.0102480555767012,0.314814462131899,-0.129800728169303,0.287017042545147,0.498532424313342,0.722788932182899,1.14864583818137,943.683596594012,1.00012484385175,0.908666666666667
"betas[11]",1.48922165782852,0.0107184770436548,0.296512277279464,0.932427635209661,1.28730714112393,1.49082657321488,1.6950959854838,2.08419778966472,765.277943294707,0.999816134240833,0.999333333333333
"betas[12]",-0.917533797872014,0.013260244092081,0.332519655528428,-1.59073324771407,-1.13717815164434,-0.915363695574108,-0.698556840617802,-0.261737177218695,628.827616777117,1.00193554074847,0.999333333333333
"betas[13]",-1.34628004835097,0.0219474411524204,0.683811727281342,-2.69514089785242,-1.79425059075438,-1.360278726955,-0.85736766516891,-0.0199747550605885,970.74531398547,0.999203310938792,0.774666666666667
"betas[14]",0.242615573812545,0.00718143519386319,0.194183928964222,-0.128749469434507,0.10911418805419,0.243198945802681,0.372769632911663,0.621999543334236,731.145946541773,1.00583380755425,0.66
"betas[15]",-0.43396275006132,0.00741067570420623,0.245562290169531,-0.913411109196912,-0.597018114472226,-0.429341442668111,-0.273708675333971,0.0485513899232939,1098.01363393291,1.00071596374483,0.741333333333333
"betas[16]",-0.0159025357160379,0.00160320673633749,0.0557166581805147,-0.125786467771524,-0.0520294978134661,-0.013969004971018,0.0216936533742811,0.0909359245181554,1207.78897825968,1.00066987520208,0.802
"betas[17]",-0.134059645103103,0.00107981273684486,0.0436308517869896,-0.219794346307382,-0.164443590225088,-0.133423431806565,-0.104283780221288,-0.0447226575363436,1632.64022158893,1.0012362672109,1
"betas[1]",-2.69948608116297,0.00294175388566569,0.0973141181464787,-2.89220087038697,-2.75960105023718,-2.69487013617011,-2.63785828361978,-2.51016628743739,1094.3066322785,1.0019635954184,1
"betas[2]",-0.211757893131756,0.0029772377584173,0.10045387723642,-0.4091836945617,-0.280761067750913,-0.21160369938791,-0.142539868222466,-0.017220562313897,1138.43010390361,1.00207284946192,0.967333333333333
"betas[3]",0.0157336472331586,0.00218419892470846,0.0783112691131448,-0.147344193325729,-0.0340886509143212,0.0153355466103572,0.0663098688140973,0.169201188708244,1285.47651431853,1.00250811044608,0.868666666666667
"betas[4]",-0.284989918792083,0.00332907994178399,0.118062501516652,-0.518134805314508,-0.359434110428085,-0.289703535574631,-0.20306677778361,-0.0549432466153398,1257.69551888252,1.00041991343069,0.829333333333333
"betas[5]",-0.23696341078164,0.00215761888411477,0.0820491759947903,-0.405641362920403,-0.290103387554547,-0.235549691367866,-0.182374085173185,-0.077882806220739,1446.1021728514,1.00125175535486,0.984666666666667
"betas[6]",-0.136486102048225,0.0160099006352083,0.399199023038242,-0.909021565299532,-0.407276550541981,-0.130400285356846,0.129259462217063,0.627662607473785,621.729775080834,1.00095654227233,0.982666666666667
"betas[7]",0.455386807868862,0.0213976102639905,0.717365777501572,-0.977247969406889,-0.0227704884295778,0.461251451070344,0.926523051563417,1.90226632393496,1123.95976003159,0.999868197990724,0.798
"betas[8]",0.273736425146448,0.00244308949621913,0.0898690070918253,0.103624203834544,0.211823733990744,0.275688739548919,0.33304834810619,0.44920407833236,1353.13501965899,1.00156047945705,0.996
"betas[9]",-0.16046574911369,0.00246202498435683,0.0861999428077706,-0.336748792539549,-0.217379488401524,-0.158308436630847,-0.101538897669372,0.00403545479060816,1225.82660739983,1.00208018032881,1
"betas[10]",-0.461614922103429,0.0145320417064919,0.357870079872882,-1.16660578169056,-0.698792632996726,-0.471537140112255,-0.21880355960595,0.217500752294631,606.45350340296,1.00025312723652,0.908666666666667
"betas[11]",-0.0606882496711254,0.0149783776243512,0.400812412694075,-0.837641800291001,-0.331941112884318,-0.0685146230962047,0.197445740513098,0.755598454259844,716.06554014455,1.00404353185455,0.999333333333333
"betas[12]",-0.412667186895421,0.0202663472726886,0.499809200052448,-1.44642781193584,-0.744299255294923,-0.400767948706544,-0.066751077619095,0.516747012089012,608.215567040685,1.00412392168634,0.999333333333333
"betas[13]",-0.413843929227003,0.0208363898648659,0.703307153854917,-1.81276776462946,-0.870833456542116,-0.40992480036061,0.0539641704664807,0.984081265111636,1139.31842359507,0.999962965264213,0.774666666666667
"betas[14]",-0.19820470651123,0.0101045300573714,0.268210474225554,-0.704371017600231,-0.374803605107696,-0.208835634701147,-0.0163173685191649,0.3158210769694,704.562018988885,1.00006139645464,0.66
"betas[15]",0.987431159764479,0.0106408235845729,0.287843215239947,0.414874955252051,0.79914814049288,0.986028356215799,1.17875166663317,1.55539545868581,731.74793954721,0.999634206277745,0.741333333333333
"betas[16]",0.164198177954348,0.00213749890887864,0.0714648718414052,0.0245790133200164,0.11565787348956,0.165030377521724,0.211041325149639,0.303204511431142,1117.82401344879,1.00246162125988,0.802
"betas[17]",-0.0231153027050649,0.00122679265620142,0.0445784118132137,-0.106803923448362,-0.0540925594358936,-0.0249414002456234,0.00857570556516796,0.0656055241464595,1320.4040528167,1.00058850588041,1
"betas[1]",-2.74789413747544,0.00287592483642655,0.095550673994552,-2.94445609276494,-2.80836580251589,-2.7494488138831,-2.68749436067551,-2.55359257823789,1103.85606175707,1.00209055656965,1
"betas[2]",0.291520861281824,0.00269946730971736,0.0862548743283141,0.127016510733876,0.230613615085957,0.291971938855352,0.349521440081106,0.464130472413843,1020.96569157754,0.998589784114736,0.967333333333333
"betas[3]",0.154655081669141,0.00218043374657841,0.0763000109209966,0.00240574908452324,0.104063460943547,0.156550851459894,0.207661789446634,0.304220829858632,1224.51302849565,0.999536012718416,0.868666666666667
"betas[4]",-0.480211977135243,0.00340406037078837,0.113854897117203,-0.70682185839296,-0.55686071829574,-0.479976489297847,-0.4048564814479,-0.250589629376959,1118.68785460999,0.999891319343031,0.829333333333333
"betas[5]",-0.453321227607392,0.00343860829186859,0.100970162870372,-0.65402699134161,-0.520401009613852,-0.45355739916881,-0.382812629764543,-0.259386209521121,862.225179550297,1.0014984390545,0.984666666666667
"betas[6]",1.7329527646536,0.0179747059700757,0.400363679862289,1.01226392238763,1.44576069805739,1.72546367884856,1.98614201649887,2.5550425446726,496.118880218747,1.00648992468729,0.982666666666667
"betas[7]",1.30510912585629,0.0281207737475846,0.790022646474593,-0.168033910211854,0.739061545401337,1.31043200107458,1.85872350398741,2.88289608220004,789.268098142227,1.0003583595533,0.798
"betas[8]",0.22874762915527,0.00291083400642853,0.0922333330751045,0.0461679505981029,0.165614784771424,0.233208331131542,0.290620568012003,0.400060005315361,1004.01667643897,0.999781512462255,0.996
"betas[9]",0.0585345765170074,0.00290517114116603,0.086401168064292,-0.113056167550509,0.000984462946381967,0.0575766399369575,0.119154767178451,0.219729170267165,884.495819847051,1.00098518340257,1
"betas[10]",-1.51494817424553,0.0160980668006126,0.40525967842493,-2.32777605336665,-1.7886912158837,-1.51264217588253,-1.23347093110281,-0.763097949499991,633.751996564423,1.00134534316422,0.908666666666667
"betas[11]",-0.0940320474640178,0.0115568311192547,0.311742546541425,-0.706988331763758,-0.299061444384078,-0.106353531838884,0.125128887580062,0.522916341173698,727.636746869057,1.00147812989032,0.999333333333333
"betas[12]",0.679532060497853,0.0153594372589533,0.379129954662207,-0.0949163760980068,0.421805348846063,0.678763146744893,0.943831308109578,1.43173274910703,609.292159226783,1.00288637531124,0.999333333333333
"betas[13]",-1.65619303645176,0.0290713099031336,0.819187543350816,-3.28950534519823,-2.21722956056372,-1.64384487213911,-1.07470589383502,-0.101551781292956,794.031036180915,0.999968504696739,0.774666666666667
"betas[14]",-1.09884494276368,0.0115204616615688,0.262496272368385,-1.64450990372437,-1.26720115139683,-1.09648607665272,-0.907620944647986,-0.600173240400985,519.166325240954,1.00723325298571,0.66
"betas[15]",1.36035561955722,0.0120594778297222,0.304817752367956,0.788392028872097,1.15560026014401,1.36269125918699,1.56524379717644,1.96063918047996,638.886197773841,1.00170267790288,0.741333333333333
"betas[16]",0.285785828130294,0.00204480098558386,0.0637954284536718,0.166419604839282,0.240736715140667,0.284919032412737,0.329811990809235,0.409390324493422,973.367912507699,1.00019199292917,0.802
"betas[17]",-0.0197346079119261,0.00118738730027666,0.0427103367141732,-0.104821143729889,-0.0466420698444148,-0.0197182712611202,0.00869400338518098,0.0593540817880284,1293.84184050254,0.999113474036676,1
"betas[1]",-3.34242608995921,0.00569972783173097,0.182334380062305,-3.72850241537559,-3.45989874398313,-3.33242568282667,-3.21584228127164,-2.99795710129416,1023.3610734994,1.00051327321798,1
"betas[2]",-0.380403719477089,0.00268664829038062,0.0756789593892987,-0.532238336461939,-0.431897163858718,-0.379216970236779,-0.328288109525058,-0.237950887730541,793.466636416641,1.00387986241165,0.967333333333333
"betas[3]",0.0703348683961379,0.00225238960087784,0.0682845807205012,-0.0651677174986332,0.0242984731954035,0.0712326968346491,0.118317640561504,0.200447167180317,919.090478740654,1.00292162975737,0.868666666666667
"betas[4]",-0.986663195461412,0.00547236254141312,0.196375004341796,-1.38343412643207,-1.11709137774345,-0.988009677298082,-0.849657507998896,-0.612234537296414,1287.72371065606,1.00270690106043,0.829333333333333
"betas[5]",-0.131767989935094,0.00215573147311812,0.0544225267349346,-0.236138577487888,-0.169826661285573,-0.131924007806396,-0.0941710651548279,-0.0291433101536626,637.335453650058,1.00241281886857,0.984666666666667
"betas[6]",-0.0933366233868587,0.015589934632415,0.375591576424346,-0.852215956246523,-0.348523681996491,-0.0881106883317621,0.155908261346854,0.654926881293205,580.420975395469,1.00312275713717,0.982666666666667
"betas[7]",-0.914073518149888,0.020778897790351,0.582511424637416,-2.03760349016886,-1.32044739168688,-0.910747220706021,-0.523874328014303,0.19842355795208,785.893833866744,1.00013238554017,0.798
"betas[8]",-0.00335013047462838,0.00252739124807072,0.073424767574401,-0.154707906041105,-0.0536819926134817,-0.00171036008062671,0.0473848673335361,0.141231067972153,843.995646290111,1.00096244680623,0.996
"betas[9]",0.274564460493291,0.0010945015706918,0.034080252854698,0.208703084117014,0.251284780730196,0.27436827402988,0.298167771988175,0.343319450105535,969.555866101367,1.00110227076365,1
"betas[10]",0.430647068228889,0.0123482871432858,0.311357586672454,-0.170097108610901,0.210516501230917,0.436696617460082,0.647747304358465,1.03820011144324,635.777954909657,1.00340804116139,0.908666666666667
"betas[11]",-2.65538726333994,0.0136877909099131,0.36926034787614,-3.3921390229144,-2.91028199435959,-2.66249844421003,-2.40874675081099,-1.90310526379273,727.777498845985,1.00698693813447,0.999333333333333
"betas[12]",1.25501448987581,0.0201171960866753,0.528709837512349,0.200395009490449,0.904013519384557,1.29010475159148,1.63011422033245,2.2037278605821,690.716585278872,1.00537994450917,0.999333333333333
"betas[13]",0.941514236092905,0.0201911403945095,0.565509511784446,-0.141619868977533,0.560205201619427,0.944034742711045,1.34073630126482,2.0299898125126,784.437110088707,1.00005692804864,0.774666666666667
"betas[14]",-0.330802660414566,0.014382719248716,0.353511932336795,-1.02709508227089,-0.570596428134498,-0.319029406967296,-0.0951666762074847,0.35974577932024,604.124082644723,1.00185888304582,0.66
"betas[15]",0.247307604341439,0.0142109988666471,0.374734385065194,-0.46136865227061,-0.00960227616365861,0.242634670636625,0.503185868362331,0.96876970343975,695.341068550577,1.00091377371476,0.741333333333333
"betas[16]",0.0619658194160517,0.00171766937947523,0.0572809013679808,-0.0543346311485029,0.0252022828910791,0.0606506296103386,0.0999144536540105,0.169185450638163,1112.09154641617,1.00049347543223,0.802
"betas[17]",0.00704647365641899,0.000919167059640224,0.0328131851083348,-0.0569057295888626,-0.0143481758491677,0.00627525907518973,0.0284886495294004,0.0724496235578231,1274.40619186155,0.99871830741233,1
"betas[1]",-2.09304266798888,0.00252772512924886,0.0747942166520196,-2.23943247225472,-2.14521482839339,-2.09399604612198,-2.04193297999708,-1.94716575414678,875.540709573502,1.00535719659195,1
"betas[2]",-0.1036558830236,0.00251797981051106,0.0808097646063898,-0.267308537427601,-0.158581595466086,-0.102079002113388,-0.0498703129707563,0.0555677948838577,1029.96672984406,1.00191691287125,0.967333333333333
"betas[3]",0.172843713359659,0.00192051987642779,0.0656135528804482,0.0438634955214248,0.126061514920475,0.173514511047715,0.21773154526344,0.2934602911957,1167.21133691293,0.999562254884329,0.868666666666667
"betas[4]",0.0216091814593852,0.00292255796320694,0.0916679875711206,-0.152570259515264,-0.0414349451239312,0.0233359517484008,0.0843458631682079,0.197390149878998,983.805231824392,1.00060883011162,0.829333333333333
"betas[5]",-0.0666004874370922,0.00192558852496979,0.0648399103806806,-0.202385627140755,-0.107890058959547,-0.0645625829560334,-0.0229200392277102,0.0546094459130577,1133.85581945616,0.999439292712274,0.984666666666667
"betas[6]",-0.256239602180705,0.0137444348288999,0.30770274134282,-0.83605069003914,-0.476765722895648,-0.247614528158726,-0.0479525488606602,0.363370042695452,501.197571643572,1.00232299901255,0.982666666666667
"betas[7]",-0.329410411607443,0.0254581432004816,0.65910919953974,-1.56989822123258,-0.791905158641278,-0.339038631431001,0.102490613154119,0.989105660887476,670.287771971964,1.00074376304162,0.798
"betas[8]",0.123503670631566,0.00251328668654449,0.0846219021091321,-0.0380015595907866,0.0653607043182336,0.12248329726393,0.18215838469963,0.285816697991851,1133.65655818247,0.999824483403998,0.996
"betas[9]",0.00543275224478943,0.00157056685910204,0.0521435827128644,-0.0971791676257165,-0.0279715091210109,0.00657069926370268,0.0397687065586818,0.107908685441344,1102.27225774904,0.999195904326453,1
"betas[10]",0.157015490379338,0.0109147862929903,0.284880748838553,-0.4042029247182,-0.0274710394345994,0.161857992478234,0.347483726284189,0.710006307959626,681.233083384699,1.00077036371024,0.908666666666667
"betas[11]",-0.313319229673202,0.0114964528531133,0.314976641691179,-0.926087202829243,-0.529229357624019,-0.314243998575297,-0.0953213882399117,0.298296108796076,750.635277723288,1.00283120870907,0.999333333333333
"betas[12]",0.00897869564441248,0.0148206006895603,0.355345832337673,-0.691908055179176,-0.237555349275337,0.00813072374184429,0.24431390420623,0.721808451543476,574.871581272026,1.00418693377496,0.999333333333333
"betas[13]",0.113016608223903,0.0255220974669579,0.664230384794795,-1.19464379688745,-0.321792037780777,0.128332814551272,0.574767638261845,1.37618506053993,677.336923333988,1.00060545337162,0.774666666666667
"betas[14]",0.0781943783576188,0.00974409693805807,0.23926366664961,-0.387695008624285,-0.0931643748822667,0.0748549318198498,0.247492021166392,0.537360568784185,602.934751471633,1.00086093388083,0.66
"betas[15]",-0.108808211542535,0.00953634710120014,0.252583060724263,-0.596152300806664,-0.277663389613945,-0.113881930708316,0.0622645229609464,0.389462608168235,701.526923411049,0.999781490923409,0.741333333333333
"betas[16]",-0.108189512092244,0.00217904529171822,0.0666464828039646,-0.235007961190013,-0.153984552466782,-0.107351636894244,-0.0629483933221525,0.0183623658226102,935.45296413628,1.00102853874929,0.802
"betas[17]",0.0364488511593921,0.00116727365441243,0.0399405051531698,-0.0412256375127455,0.0083808633928039,0.0368459759520031,0.0644913128837616,0.114898899920123,1170.79737403454,0.999025291759661,1
"betas[1]",-3.60966983023352,0.00707783362474023,0.213786264958207,-4.04485713338371,-3.73959359700496,-3.60245114799491,-3.463575814573,-3.22320352468213,912.344588287272,1.00008894074841,1
"betas[2]",-0.283134374868847,0.00374144620095489,0.112169446552987,-0.512441890439764,-0.355900757034979,-0.289208303544929,-0.208802256331088,-0.0674222726198455,898.814654256832,0.998581711046975,0.967333333333333
"betas[3]",-0.0267159407147624,0.00275021465798665,0.0925341283762465,-0.205459204342313,-0.0895709143295737,-0.0235333782338801,0.0370639413189687,0.153068886695534,1132.06324983663,0.999854024525032,0.868666666666667
"betas[4]",-0.053806299669835,0.00588630117810038,0.199060819709797,-0.46476103982243,-0.181293379799597,-0.0543569898106894,0.0796114810513163,0.332516839190047,1143.63283879386,0.998648466372844,0.829333333333333
"betas[5]",-0.286843378171515,0.00301958388388816,0.0921219799930742,-0.467990195245639,-0.352066290147999,-0.288836826843309,-0.225232177638463,-0.0986460423460043,930.748467749349,1.00380748316838,0.984666666666667
"betas[6]",-1.06797316692459,0.0190391984561173,0.474918270251433,-1.9878721752602,-1.4005665181222,-1.06638555639238,-0.736962585246034,-0.162726939873142,622.214937690304,1.00085611884566,0.982666666666667
"betas[7]",-0.165074572271451,0.0284437908240637,0.786860142467888,-1.65824373634508,-0.733998212494131,-0.187953935910912,0.371468396600215,1.37212095870817,765.279609590404,0.999070384658168,0.798
"betas[8]",-0.105930679922122,0.00419924510914238,0.11914861432536,-0.337752884143656,-0.189823193696321,-0.0989380219138799,-0.0244537084819392,0.123591033293979,805.073518993391,1.00055670631121,0.996
"betas[9]",0.220357956949302,0.00154227441267385,0.0531178407604308,0.113306614701134,0.18562634506063,0.221243768104868,0.25362050600457,0.326384000496232,1186.19890410271,1.00026023656877,1
"betas[10]",-0.453225972890971,0.0175458219562795,0.412433671307753,-1.27467114814715,-0.715338318389195,-0.443545115556711,-0.197050772715723,0.384548148667121,552.536270516306,1.0014146991946,0.908666666666667
"betas[11]",-1.00368966850029,0.0216314907031525,0.535106627356491,-2.06865636955096,-1.37648644772559,-1.00701489956201,-0.619275586163813,0.04246272119426,611.938476708686,1.0033615527487,0.999333333333333
"betas[12]",-1.17928281638389,0.0350770348926019,0.831535633389623,-2.84522045244115,-1.73105711598037,-1.17738374050839,-0.587748539065805,0.348353042767309,561.973684785795,1.0034081631411,0.999333333333333
"betas[13]",0.310825683004401,0.0276960442436239,0.760139733390578,-1.17591403156055,-0.201848826734605,0.333820610019112,0.845236621166633,1.74194611516532,753.271228682127,0.999404090466652,0.774666666666667
"betas[14]",0.521792088297541,0.0167620035956456,0.407016948192407,-0.297732513177697,0.253194235516703,0.518111549258946,0.784454745049874,1.34358111099327,589.621251571633,1.00018467894198,0.66
"betas[15]",1.05947524024666,0.0194219226701876,0.467553172210612,0.127365372663455,0.765487918153978,1.06822475732546,1.34005552339253,1.98828133905839,579.532204420902,1.00118567443882,0.741333333333333
"betas[16]",0.0282286221376455,0.00271314387599737,0.087014953779803,-0.141316525704266,-0.0334591742348374,0.0297194972980771,0.0900382914624646,0.191503729110876,1028.58962230748,0.999089483371809,0.802
"betas[17]",-0.0417045338118511,0.00164867699895213,0.0524140528814453,-0.14245288163231,-0.0774395799996364,-0.042616222914804,-0.00665254241466374,0.0628883251837993,1010.70479704634,1.00166425190449,1
"betas[1]",-3.31263692814356,0.00405464160334562,0.139510506648238,-3.58600527380499,-3.40697316765148,-3.31324995696446,-3.21649469508011,-3.04968284881856,1183.88328088145,0.999163248757728,1
"betas[2]",0.161440400070639,0.00352671480954126,0.120264837030879,-0.0728631438399976,0.0792092199530064,0.165947333780491,0.242096018881792,0.392701539197173,1162.88468547475,0.999590461482907,0.967333333333333
"betas[3]",0.0607953737676983,0.00291667713340221,0.10680444882521,-0.154965580446344,-0.00952915933564551,0.0644856107573428,0.135789417896016,0.257028532832018,1340.91723441008,0.999050199302623,0.868666666666667
"betas[4]",-0.125355089169757,0.00507549745031473,0.181724804402589,-0.490523743149284,-0.247401302313023,-0.125619693419634,-0.00413961792377194,0.229866415875951,1281.95031167304,0.999975719224415,0.829333333333333
"betas[5]",0.138680614258356,0.00236741398226504,0.0901700422435465,-0.0403792110798697,0.0774093999506332,0.137698892105129,0.200988081163353,0.311683417450926,1450.69505177997,1.00129476275556,0.984666666666667
"betas[6]",0.0558817987796392,0.0190238604637416,0.504777327862472,-0.910684420059971,-0.301141436512705,0.0536824384131088,0.423693213965065,1.04326780745178,704.048174759274,1.0016980132466,0.982666666666667
"betas[7]",-1.14749350264017,0.0299682757748848,0.835172900206355,-2.80856890856234,-1.73242831256572,-1.13842614360272,-0.583001996377232,0.487182807015376,776.657024586704,0.999372011870957,0.798
"betas[8]",0.126945072146571,0.00379547106101115,0.134720736998081,-0.15236343509021,0.0388438807640148,0.132638905227735,0.217985234196854,0.378443484451715,1259.90422147603,1.00061963231104,0.996
"betas[9]",0.136529457242626,0.00192264576942526,0.0652966470680414,0.0080004396521739,0.0931847580780054,0.137051021324003,0.182189516106828,0.264787466873277,1153.40866303042,1.00092687794401,1
"betas[10]",0.272888015400389,0.0158063327239058,0.451521397841628,-0.538002453750664,-0.0358198126953446,0.257861376370835,0.582073968631894,1.20744135541778,816.008032731768,1.00229649454258,0.908666666666667
"betas[11]",-1.82574107506757,0.0149700108476994,0.434595073204443,-2.68227435926148,-2.10525457724335,-1.82528745533959,-1.54154703716572,-0.978966447958023,842.801630552407,0.999287321760114,0.999333333333333
"betas[12]",1.65191460073586,0.0176868355339801,0.468886426118617,0.754568777841022,1.3494588445306,1.64954022053846,1.9630091426072,2.5660201552967,702.805329290154,1.00043636766391,0.999333333333333
"betas[13]",1.06524838080813,0.0296473811421694,0.824350456655543,-0.57845247552026,0.536815272911842,1.05406891027984,1.63881654679636,2.70303475932354,773.12744860987,0.999253192900044,0.774666666666667
"betas[14]",0.0217721300896696,0.0154951428031793,0.426698584909968,-0.76568104143999,-0.270081547421939,0.0289581364890806,0.319831668740046,0.834411104779837,758.317780369329,0.999978321568285,0.66
"betas[15]",-0.3534802192826,0.0154663785427405,0.45316103021534,-1.3003787612401,-0.665498565025777,-0.3265249595499,-0.0375135570115248,0.484457331116678,858.475370930166,1.001427462382,0.741333333333333
"betas[16]",0.171941912503963,0.00299817570998842,0.0955740464972921,-0.0198276068711148,0.103920820995314,0.175170592216746,0.240101986435582,0.343771941604215,1016.16863330552,0.99997057193945,0.802
"betas[17]",0.090972119090754,0.00150841002230678,0.0542247861817948,-0.0107658677629885,0.0545103196915744,0.0901433574447761,0.128500503999832,0.195931869246628,1292.28075796028,1.00048254632293,1
"betas[1]",-4.50289738317072,0.00903855265782805,0.279646834444701,-5.07533760556012,-4.68946241839812,-4.47778687344044,-4.30848950445432,-3.99685002408768,957.242627206724,1.00252165395893,1
"betas[2]",0.474893662267212,0.00561799833718184,0.171695529754998,0.145115915485892,0.358980080848864,0.479710965454769,0.58803765914214,0.815932530444161,934.016962606038,1.00084732716846,0.967333333333333
"betas[3]",-0.0624900723503061,0.00545013746047786,0.192198843434034,-0.463356281177503,-0.191336355060744,-0.0526119820075964,0.067978858378164,0.288969369292733,1243.61693657898,1.00114598275241,0.868666666666667
"betas[4]",-0.153498692935832,0.00803574781657057,0.317214595148649,-0.806032388879178,-0.35958265228586,-0.136322614967077,0.0598351569325034,0.427164262863682,1558.30952178914,0.999794959601057,0.829333333333333
"betas[5]",0.141891838553143,0.0042197872305294,0.144491428524251,-0.149901755306956,0.0442177965439233,0.147303261342485,0.241234362890723,0.40649485118803,1172.47357212582,0.99932854540165,0.984666666666667
"betas[6]",0.895266696032588,0.0314095395416508,0.77562980048034,-0.622567337672957,0.36687675242679,0.888590207703393,1.41903328440928,2.40970785587407,609.797773022298,1.0097659293788,0.982666666666667
"betas[7]",-0.220299599561717,0.0335448714857032,1.08968751596551,-2.50148512364811,-0.933659970451566,-0.212488046901577,0.525103573476189,1.82630317518723,1055.2410711117,1.00213038322083,0.798
"betas[8]",-0.25747436249047,0.00682064704076906,0.21623718179954,-0.703143653433042,-0.403585211487601,-0.255245909824221,-0.112735008677868,0.15773929575424,1005.10074127403,1.00088872689111,0.996
"betas[9]",0.326285450610357,0.00312412131447675,0.098206488115778,0.121395868879862,0.267613993408798,0.32641997840224,0.387791191937878,0.51624300119105,988.153883985532,1.00178349316582,1
"betas[10]",-2.17476839376924,0.0290577528590527,0.662031500856672,-3.44596522580219,-2.62997029499058,-2.1488621652599,-1.69295130131514,-0.989057260210164,519.07875911427,1.00774318251392,0.908666666666667
"betas[11]",-1.10648883487895,0.0247245013824689,0.716629096126299,-2.47320383171717,-1.59368864640458,-1.12543631479753,-0.623142413841753,0.309844549740725,840.105427251507,1.00180641160276,0.999333333333333
"betas[12]",0.184730046472861,0.0363526757950857,1.03062951174359,-2.01038227311438,-0.472662078265361,0.273453204586304,0.927857719528755,1.95570586860851,803.771090621969,1.00026504773831,0.999333333333333
"betas[13]",0.16043540090044,0.0335283876298561,1.07074035129304,-1.86844092050059,-0.586500230159581,0.148501989138881,0.879517765083464,2.36886946261679,1019.86573647729,1.00196389759363,0.774666666666667
"betas[14]",-0.379666608921677,0.0236294403802688,0.594840365499517,-1.56304768815826,-0.776618822322047,-0.370928615772056,0.0365389127588377,0.749805707136621,633.715005918377,1.00895436275016,0.66
"betas[15]",2.05474562354961,0.0240812071475467,0.615408890908172,0.941562812429051,1.59389485737119,2.02666155117909,2.46353056246292,3.34292983259552,653.08697966392,1.00607691988243,0.741333333333333
"betas[16]",0.0907298102259167,0.0041874195810994,0.146967351956001,-0.207697616778246,-0.0130546647067416,0.0989074518837698,0.191729085868163,0.363645903758078,1231.82433443654,0.998903215279633,0.802
"betas[17]",0.132808795667193,0.00215157738895257,0.0805079865704016,-0.03691056740576,0.082573560268065,0.132304642795502,0.185149951616391,0.293167947380045,1400.11590054987,0.99899677147025,1
"betas[1]",-4.66420865738591,0.00911809284079071,0.299291200894361,-5.25481947770256,-4.8604243427526,-4.65775846502757,-4.46546471106067,-4.07054150088227,1077.40721099768,1.00331318448205,1
"betas[2]",0.0306688612925222,0.00627190313028177,0.21049867498863,-0.384667728612923,-0.108508276164415,0.0344715036656043,0.169962165398264,0.444703711724269,1126.41921129955,0.999419812002265,0.967333333333333
"betas[3]",0.0890535792436333,0.00566886606480316,0.216338354749177,-0.333949310777128,-0.0529162346251652,0.0970465162764777,0.239207558307209,0.495590536693475,1456.37982003695,0.999641660147445,0.868666666666667
"betas[4]",-0.36443888344254,0.00366275277989021,0.142521506889958,-0.636636646885841,-0.4601754527156,-0.368932381925323,-0.271259908969972,-0.0715890284776937,1514.06875685495,0.998499025880225,0.829333333333333
"betas[5]",-0.338736444396187,0.00669909069882286,0.25605297130324,-0.857080349943639,-0.504037087565443,-0.323036581494929,-0.163167765928647,0.137108249809879,1460.92501101436,0.999105992571948,0.984666666666667
"betas[6]",-0.483691164540056,0.0187910278415359,0.565609575067628,-1.56534237552528,-0.863601995372913,-0.494233006384154,-0.106856702118235,0.666539221874613,906.008837192845,0.999287153000466,0.982666666666667
"betas[7]",1.1529597442545,0.0398469241176273,1.18220065744698,-1.15376400912752,0.356087685419055,1.14541445506936,1.94489908728154,3.48435278654313,880.223152336724,1.00259599586672,0.798
"betas[8]",0.643831265870077,0.00611518546024677,0.210832323735962,0.242861295961355,0.500111463688001,0.64771549414598,0.790952595155919,1.06137478388091,1188.65309459802,1.00012700278231,0.996
"betas[9]",-0.302559124116177,0.00852166687631332,0.317372196019031,-0.990560678507544,-0.495824619124349,-0.291543103912511,-0.08112493450407,0.248575522158847,1387.03892101024,0.998968388900934,1
"betas[10]",2.93791010613095,0.0305428162189507,0.93709317156826,1.10535094551584,2.30188372078422,2.94143049128595,3.51972507851553,4.82131229587305,941.341897079095,1.00037694822959,0.908666666666667
"betas[11]",1.16824594173518,0.0254343790102423,0.690629206903226,-0.10739529349125,0.717009413301446,1.15107739583027,1.62963448883204,2.58813117560078,737.305722104161,1.00172106064619,0.999333333333333
"betas[12]",-0.218290423127346,0.0280214066106809,0.74172883867502,-1.71156485335272,-0.708554995989425,-0.213317435100684,0.305221515621822,1.1739239497259,700.665067150476,1.00150042860932,0.999333333333333
"betas[13]",-1.23309895415528,0.0418499993534251,1.25669685263467,-3.74701431807285,-2.10549460697734,-1.20689330790051,-0.378800040394769,1.23436022487397,901.716763500111,1.00230367329272,0.774666666666667
"betas[14]",0.186294731342143,0.0131650328050792,0.384866812111829,-0.570411068564308,-0.0779608221840329,0.200088935273722,0.433876767312534,0.941943898826746,854.62783559337,1.0006316249935,0.66
"betas[15]",-1.6066064813847,0.0227532265669472,0.700701578932887,-3.01928792512712,-2.05985760358469,-1.61717512530492,-1.14247480390198,-0.250714542400022,948.375245535973,1.00019785510322,0.741333333333333
"betas[16]",0.219944251449821,0.00361379882856634,0.136112568652013,-0.0595925273138533,0.128126560003946,0.22249874461663,0.309415282443981,0.478466141964875,1418.62795669703,0.999269382393712,0.802
"betas[17]",-0.0146968860628249,0.00271530642070533,0.105651135665538,-0.226250722524428,-0.0858953902922121,-0.0120355284401633,0.0599087131605078,0.181644896562451,1513.94691151784,0.999911055581437,1
"betas[1]",-5.02567217993054,0.0136657939816726,0.402078630376009,-5.9347929362603,-5.28587074417031,-4.99743778984721,-4.75486673608827,-4.32238078341287,865.669757011074,0.998860151484797,1
"betas[2]",-0.363454434299855,0.00641479590418283,0.201078766804,-0.772552575175174,-0.495506075042397,-0.361393738622784,-0.227942570372267,0.0248981624960286,982.577329553881,1.00010408742986,0.967333333333333
"betas[3]",-0.234755601612772,0.00659702360600006,0.2160808930868,-0.676400061542289,-0.369432762251017,-0.225101317210364,-0.0885247944658647,0.186512647965544,1072.84419618277,0.999121768765219,0.868666666666667
"betas[4]",-0.465823748325996,0.015289256743987,0.483490051297461,-1.4845497241747,-0.77573365822007,-0.451263139781777,-0.127531282473056,0.415954265807417,1000.00538121444,0.998134050370461,0.829333333333333
"betas[5]",0.245941260032068,0.00369937588902513,0.112441714568093,0.0203069595192831,0.170881227308288,0.244038051801189,0.321117838793657,0.460021892378314,923.842623048288,0.998580407983732,0.984666666666667
"betas[6]",1.94854817654586,0.0360667455190265,0.934333290694901,0.176349002481975,1.29978706223045,1.94706478318243,2.56924592456214,3.87256770948236,671.103857819944,1.00037909548767,0.982666666666667
"betas[7]",-0.845183648777435,0.0348249015255998,1.02896583455053,-2.74173416695972,-1.54929832475057,-0.905664608109563,-0.159011397267708,1.30398711626689,873.015823825576,1.00270521074395,0.798
"betas[8]",-0.61828173557876,0.0077232121506572,0.233061655708232,-1.06453685775321,-0.783193372193057,-0.6199296754087,-0.458606812603817,-0.159793733601571,910.637908509749,1.00135302500717,0.996
"betas[9]",0.458937032435155,0.00270279149194862,0.0734728034763837,0.314978258824784,0.407819164382654,0.459802249521567,0.507313741955146,0.604862934498647,738.972260996001,0.998972023820871,1
"betas[10]",-0.941913268652317,0.0259928599332368,0.704798601787193,-2.41480700482059,-1.42621553058842,-0.915148105557724,-0.48211170481119,0.460897745847781,735.22782476053,1.00264341182781,0.908666666666667
"betas[11]",-2.45388876906558,0.0252624093768749,0.693857538712534,-3.79150038660956,-2.88729597873695,-2.45976422681032,-1.98007489535481,-1.12533445755272,754.381596908627,0.999721735406817,0.999333333333333
"betas[12]",2.4965086418314,0.0289892039088242,0.688821067258836,1.13472680611122,2.05261917361762,2.50718781246942,2.93695532700098,3.85115890815356,564.599207889333,0.999126881979523,0.999333333333333
"betas[13]",0.764218727153387,0.0339791258168037,1.00666131112645,-1.31044621862453,0.116896069517076,0.81851654158927,1.44836406494864,2.67693331398701,877.692429528466,1.00252436404507,0.774666666666667
"betas[14]",-0.378033862113038,0.0351123776771014,0.918918932098264,-2.2038485463593,-1.01546487244511,-0.35785070105697,0.220495365020315,1.31229431071955,684.910650979559,1.00046849128328,0.66
"betas[15]",-0.585851643557207,0.0316716013559458,0.90616199619172,-2.39156064298593,-1.16980919690477,-0.577442527876864,0.0158418351524286,1.15441089017963,818.599817761812,1.0027929403628,0.741333333333333
"betas[16]",-0.14263160744973,0.005167103705949,0.16467103179315,-0.459034887344648,-0.257954796071009,-0.144939741906273,-0.0299075271311935,0.171367236405062,1015.64060894937,0.99954574109777,0.802
"betas[17]",0.263017623620145,0.002256929084047,0.0711419019364765,0.128557721781216,0.215172671486922,0.265314124678607,0.311604129181656,0.398199027708915,993.608085554134,0.998807259500241,1
